stimulus_name,tempo,key,spectral_centroid,spectral_bandwidth,spectral_contrast,spectral_rolloff,mfcc_1_mean,mfcc_1_std,mfcc_2_mean,mfcc_2_std,mfcc_3_mean,mfcc_3_std,mfcc_4_mean,mfcc_4_std,mfcc_5_mean,mfcc_5_std,mfcc_6_mean,mfcc_6_std,mfcc_7_mean,mfcc_7_std,mfcc_8_mean,mfcc_8_std,mfcc_9_mean,mfcc_9_std,mfcc_10_mean,mfcc_10_std,mfcc_11_mean,mfcc_11_std,mfcc_12_mean,mfcc_12_std,mfcc_13_mean,mfcc_13_std,chroma_0,chroma_1,chroma_2,chroma_3,chroma_4,chroma_5,chroma_6,chroma_7,chroma_8,chroma_9,chroma_10,chroma_11
classique_morceau1_duo_CoFl_theme1_mono_Co,[109.95678191],B minor,1390.1946810297334,1983.000842976584,22.533624829428657,2227.9544659514927,-264.1299,35.31525,186.78311,26.123568,-15.951687,20.140799,12.326375,10.407615,9.53119,9.444287,19.994715,7.0121365,-7.3821616,7.112754,-15.772553,5.04879,-2.8317616,6.542624,6.9115796,7.2765994,1.7773554,8.430402,-16.876307,7.1825256,-10.716071,9.037894,0.26842964,0.3023916,0.56442976,0.2872011,0.08436584,0.076993406,0.26052633,0.10699635,0.099779144,0.26030564,0.1868188,0.5493313
classique_morceau1_duo_CoFl_theme1_mono_Fl,[109.95678191],B minor,1390.1946810297334,1983.000842976584,22.533624829428657,2227.9544659514927,-264.1299,35.31525,186.78311,26.123568,-15.951687,20.140799,12.326375,10.407615,9.53119,9.444287,19.994715,7.0121365,-7.3821616,7.112754,-15.772553,5.04879,-2.8317616,6.542624,6.9115796,7.2765994,1.7773554,8.430402,-16.876307,7.1825256,-10.716071,9.037894,0.26842964,0.3023916,0.56442976,0.2872011,0.08436584,0.076993406,0.26052633,0.10699635,0.099779144,0.26030564,0.1868188,0.5493313
classique_morceau1_duo_CoFl_theme1_stereo_Co,[93.96306818],B minor,1946.9629192900863,2218.286590375565,22.828299272833473,2757.2498833955224,-312.70102,39.77267,162.43999,22.712013,-29.71601,18.090145,19.553986,14.275002,2.8619003,10.942827,24.716522,8.746827,-9.103024,7.916346,-15.591623,5.3658333,-4.9286566,7.7387505,7.833045,7.6091046,3.9299576,8.586371,-21.402697,8.378583,-10.948647,9.359179,0.4460446,0.23329547,0.45552793,0.48191363,0.08946796,0.06059595,0.21524288,0.09491646,0.051750228,0.17215696,0.14541465,0.43255186
classique_morceau1_duo_CoFl_theme1_stereo_Fl,[93.96306818],B minor,1946.9629192900863,2218.286590375565,22.828299272833473,2757.2498833955224,-312.70102,39.77267,162.43999,22.712013,-29.71601,18.090145,19.553986,14.275002,2.8619003,10.942827,24.716522,8.746827,-9.103024,7.916346,-15.591623,5.3658333,-4.9286566,7.7387505,7.833045,7.6091046,3.9299576,8.586371,-21.402697,8.378583,-10.948647,9.359179,0.4460446,0.23329547,0.45552793,0.48191363,0.08946796,0.06059595,0.21524288,0.09491646,0.051750228,0.17215696,0.14541465,0.43255186
classique_morceau1_duo_CoFl_theme2_mono_Co,[120.18531977],D major,1457.1903058366709,1998.919866556029,23.8505934415542,1987.7603851849613,-271.63898,37.9408,189.15242,14.870285,-27.128275,13.303177,2.1100304,9.160096,-5.4480147,7.7196817,24.025675,8.396041,-2.5694106,7.04733,-8.641943,5.5991745,-12.829217,7.1462774,-5.8699803,7.646409,-0.7792714,6.183459,-7.640809,5.7582307,-17.135344,6.5870843,0.08667805,0.12338819,0.71212876,0.2943687,0.12777151,0.08360833,0.26920253,0.09443864,0.18713558,0.5675382,0.15077056,0.09538195
classique_morceau1_duo_CoFl_theme2_mono_Fl,[120.18531977],D major,1457.1903058366709,1998.919866556029,23.8505934415542,1987.7603851849613,-271.63898,37.9408,189.15242,14.870285,-27.128275,13.303177,2.1100304,9.160096,-5.4480147,7.7196817,24.025675,8.396041,-2.5694106,7.04733,-8.641943,5.5991745,-12.829217,7.1462774,-5.8699803,7.646409,-0.7792714,6.183459,-7.640809,5.7582307,-17.135344,6.5870843,0.08667805,0.12338819,0.71212876,0.2943687,0.12777151,0.08360833,0.26920253,0.09443864,0.18713558,0.5675382,0.15077056,0.09538195
classique_morceau1_duo_CoFl_theme2_stereo_Co,[120.18531977],D major,1245.63937672298,1966.0868483547383,23.11880650198566,1896.5045862548357,-245.08105,40.383465,196.70947,13.328401,-18.582535,14.861892,-1.8498932,8.663488,0.34006834,7.872758,18.636698,6.733821,-3.641751,7.29019,-8.5702,5.7703156,-9.3568945,5.6871333,-4.8885555,6.958408,-4.943342,6.0774193,-9.366221,5.232578,-16.00823,5.880831,0.10313811,0.18059327,0.8423012,0.3437872,0.15147638,0.11389431,0.32044828,0.11117723,0.20412908,0.40346316,0.10745349,0.08592038
classique_morceau1_duo_CoFl_theme2_stereo_Fl,[120.18531977],D major,1245.63937672298,1966.0868483547383,23.11880650198566,1896.5045862548357,-245.08105,40.383465,196.70947,13.328401,-18.582535,14.861892,-1.8498932,8.663488,0.34006834,7.872758,18.636698,6.733821,-3.641751,7.29019,-8.5702,5.7703156,-9.3568945,5.6871333,-4.8885555,6.958408,-4.943342,6.0774193,-9.366221,5.232578,-16.00823,5.880831,0.10313811,0.18059327,0.8423012,0.3437872,0.15147638,0.11389431,0.32044828,0.11117723,0.20412908,0.40346316,0.10745349,0.08592038
classique_morceau1_duo_CoOb_theme1_mono_Co,[107.66601562],B minor,1368.2515912561694,1939.9926788534392,22.99272934214485,2532.9546117070895,-232.5595,32.087646,193.05167,23.570858,-24.601555,17.172285,16.963484,9.184889,8.166523,9.338725,-1.414523,7.2697434,-6.4044847,10.271906,-5.2407575,7.485333,-8.284278,5.7544136,0.61000866,6.6422625,3.5032382,8.5585575,0.011460894,10.079569,0.9399724,9.003761,0.28910702,0.32807675,0.51916397,0.31767723,0.10190056,0.12085584,0.48526236,0.20291074,0.103759184,0.29189515,0.25103214,0.49804592
classique_morceau1_duo_CoOb_theme1_mono_Ob,[107.66601562],B minor,1368.2515912561694,1939.9926788534392,22.99272934214485,2532.9546117070895,-232.5595,32.087646,193.05167,23.570858,-24.601555,17.172285,16.963484,9.184889,8.166523,9.338725,-1.414523,7.2697434,-6.4044847,10.271906,-5.2407575,7.485333,-8.284278,5.7544136,0.61000866,6.6422625,3.5032382,8.5585575,0.011460894,10.079569,0.9399724,9.003761,0.28910702,0.32807675,0.51916397,0.31767723,0.10190056,0.12085584,0.48526236,0.20291074,0.103759184,0.29189515,0.25103214,0.49804592
classique_morceau1_duo_CoOb_theme1_stereo_Co,[147.65625],B minor,1836.604127110914,2028.0198308726804,26.173765135162565,3461.346344449627,-297.41318,35.213524,169.9332,22.09227,-36.473976,19.141474,21.753021,10.9830265,0.4418103,7.6223497,-5.189664,9.360837,-8.421221,9.900486,-1.2218032,9.94437,-13.959453,6.797969,1.6861221,7.4737053,5.5890303,10.637752,7.563755,13.561514,8.972999,11.562012,0.13594364,0.224067,0.3465045,0.19663128,0.069634564,0.12593882,0.6900713,0.26920658,0.05802991,0.19392526,0.16436397,0.300139
classique_morceau1_duo_CoOb_theme1_stereo_Ob,[147.65625],B minor,1836.604127110914,2028.0198308726804,26.173765135162565,3461.346344449627,-297.41318,35.213524,169.9332,22.09227,-36.473976,19.141474,21.753021,10.9830265,0.4418103,7.6223497,-5.189664,9.360837,-8.421221,9.900486,-1.2218032,9.94437,-13.959453,6.797969,1.6861221,7.4737053,5.5890303,10.637752,7.563755,13.561514,8.972999,11.562012,0.13594364,0.224067,0.3465045,0.19663128,0.069634564,0.12593882,0.6900713,0.26920658,0.05802991,0.19392526,0.16436397,0.300139
classique_morceau1_duo_CoOb_theme2_mono_Co,[139.67483108],D major,1420.9978254640712,1925.5330330726156,24.143867053762182,2336.1234624335107,-246.59012,35.145878,195.02875,13.425588,-35.9382,11.695392,5.9512887,8.36664,-0.31558496,8.997915,3.420301,8.03548,-0.5955194,8.529911,-1.3552576,6.115381,-14.31937,5.7664194,-8.040623,8.494612,-5.0827355,7.645347,-7.893781,7.0507364,-5.6281443,10.373339,0.08574525,0.15994486,0.7560763,0.34094802,0.3363422,0.1339485,0.33189222,0.10117872,0.20881525,0.3739474,0.09530022,0.069888726
classique_morceau1_duo_CoOb_theme2_mono_Ob,[139.67483108],D major,1420.9978254640712,1925.5330330726156,24.143867053762182,2336.1234624335107,-246.59012,35.145878,195.02875,13.425588,-35.9382,11.695392,5.9512887,8.36664,-0.31558496,8.997915,3.420301,8.03548,-0.5955194,8.529911,-1.3552576,6.115381,-14.31937,5.7664194,-8.040623,8.494612,-5.0827355,7.645347,-7.893781,7.0507364,-5.6281443,10.373339,0.08574525,0.15994486,0.7560763,0.34094802,0.3363422,0.1339485,0.33189222,0.10117872,0.20881525,0.3739474,0.09530022,0.069888726
classique_morceau1_duo_CoOb_theme2_stereo_Co,[132.51201923],D major,1238.1858779283607,1963.1382698618304,22.902031450518216,1951.1914251390233,-243.93481,38.333527,198.0165,13.132923,-22.508984,12.708927,1.5981029,8.293583,1.1548461,9.113388,9.82718,7.511211,-2.9925406,8.288111,-3.3348496,5.703029,-10.17811,5.3673787,-6.877618,6.923497,-7.593941,5.97941,-10.69416,5.630042,-10.780204,7.254304,0.104952015,0.18454377,0.84311235,0.38767186,0.22355564,0.12684746,0.33506015,0.12136854,0.19700697,0.31253254,0.09816692,0.08509455
classique_morceau1_duo_CoOb_theme2_stereo_Ob,[132.51201923],D major,1238.1858779283607,1963.1382698618304,22.902031450518216,1951.1914251390233,-243.93481,38.333527,198.0165,13.132923,-22.508984,12.708927,1.5981029,8.293583,1.1548461,9.113388,9.82718,7.511211,-2.9925406,8.288111,-3.3348496,5.703029,-10.17811,5.3673787,-6.877618,6.923497,-7.593941,5.97941,-10.69416,5.630042,-10.780204,7.254304,0.104952015,0.18454377,0.84311235,0.38767186,0.22355564,0.12684746,0.33506015,0.12136854,0.19700697,0.31253254,0.09816692,0.08509455
classique_morceau1_duo_FlOb_theme1_mono_Fl,[93.96306818],C minor,2518.8896971509675,2147.478201849509,25.836616856471995,3882.2615438432836,-308.90463,40.498676,88.54522,21.404669,-100.14728,15.392071,-0.91562694,11.696787,-15.905492,11.260542,-4.054068,9.832189,-16.157084,7.5591702,-9.451366,8.0320215,-14.435576,7.424041,13.413889,10.461914,21.232826,16.06905,10.791521,16.067663,22.41216,15.261626,0.25341126,0.11498199,0.23506205,0.20584884,0.041492358,0.08726674,0.61983687,0.2146801,0.03067512,0.09951114,0.102004185,0.2735968
classique_morceau1_duo_FlOb_theme1_mono_Ob,[93.96306818],C minor,2518.8896971509675,2147.478201849509,25.836616856471995,3882.2615438432836,-308.90463,40.498676,88.54522,21.404669,-100.14728,15.392071,-0.91562694,11.696787,-15.905492,11.260542,-4.054068,9.832189,-16.157084,7.5591702,-9.451366,8.0320215,-14.435576,7.424041,13.413889,10.461914,21.232826,16.06905,10.791521,16.067663,22.41216,15.261626,0.25341126,0.11498199,0.23506205,0.20584884,0.041492358,0.08726674,0.61983687,0.2146801,0.03067512,0.09951114,0.102004185,0.2735968
classique_morceau1_duo_FlOb_theme1_stereo_Fl,[93.96306818],C minor,2344.326390945544,2072.4695060321164,28.26154434198636,3798.34275886194,-319.0161,42.290688,80.53162,28.64499,-91.60445,15.791141,-2.2981699,12.715038,-12.99707,11.734905,-12.09673,10.965338,-11.133016,7.90648,-6.0503592,9.049709,-15.444487,6.5993733,13.828983,13.24323,23.511126,18.91635,20.298096,19.547531,28.969604,19.227354,0.11960696,0.13948141,0.13852137,0.09724683,0.04960584,0.112025745,0.712078,0.24519661,0.040920027,0.12836406,0.12115939,0.16737969
classique_morceau1_duo_FlOb_theme1_stereo_Ob,[93.96306818],C minor,2344.326390945544,2072.4695060321164,28.26154434198636,3798.34275886194,-319.0161,42.290688,80.53162,28.64499,-91.60445,15.791141,-2.2981699,12.715038,-12.99707,11.734905,-12.09673,10.965338,-11.133016,7.90648,-6.0503592,9.049709,-15.444487,6.5993733,13.828983,13.24323,23.511126,18.91635,20.298096,19.547531,28.969604,19.227354,0.11960696,0.13948141,0.13852137,0.09724683,0.04960584,0.112025745,0.712078,0.24519661,0.040920027,0.12836406,0.12115939,0.16737969
classique_morceau1_duo_FlOb_theme2_mono_Fl,[172.265625],C major,2231.711535095456,2012.935973150894,24.137521637279157,3267.007582053917,-348.14203,38.8832,95.73699,18.529558,-89.24905,15.542999,-26.315243,12.502365,-25.57794,12.450106,-3.6536362,10.785169,4.337258,7.9214673,1.4908681,8.830236,-9.494944,14.852273,2.5823653,17.804281,26.874529,14.160881,25.581627,13.365407,18.135502,17.065496,0.071799695,0.07295024,0.06592316,0.05720041,0.36242244,0.15762839,0.19507854,0.11970635,0.10202036,0.6440077,0.30260283,0.08456271
classique_morceau1_duo_FlOb_theme2_mono_Ob,[172.265625],C major,2231.711535095456,2012.935973150894,24.137521637279157,3267.007582053917,-348.14203,38.8832,95.73699,18.529558,-89.24905,15.542999,-26.315243,12.502365,-25.57794,12.450106,-3.6536362,10.785169,4.337258,7.9214673,1.4908681,8.830236,-9.494944,14.852273,2.5823653,17.804281,26.874529,14.160881,25.581627,13.365407,18.135502,17.065496,0.071799695,0.07295024,0.06592316,0.05720041,0.36242244,0.15762839,0.19507854,0.11970635,0.10202036,0.6440077,0.30260283,0.08456271
classique_morceau1_duo_FlOb_theme2_stereo_Fl,[172.265625],G major,2350.3366562032584,2185.453957899943,22.70443463666917,3107.112095019342,-345.91653,38.785007,89.43567,17.011118,-77.222015,16.316883,-28.236856,13.015828,-22.226412,13.036142,6.9629927,11.120687,7.3285594,8.307259,-0.25930986,8.353806,-9.989953,12.872693,-0.8136881,13.982647,22.117577,11.562861,19.294998,11.137682,9.283851,13.778179,0.12598374,0.04499851,0.04651109,0.045114513,0.2316445,0.09664747,0.16786191,0.1447425,0.085959084,0.71597356,0.36338195,0.15570946
classique_morceau1_duo_FlOb_theme2_stereo_Ob,[172.265625],G major,2350.3366562032584,2185.453957899943,22.70443463666917,3107.112095019342,-345.91653,38.785007,89.43567,17.011118,-77.222015,16.316883,-28.236856,13.015828,-22.226412,13.036142,6.9629927,11.120687,7.3285594,8.307259,-0.25930986,8.353806,-9.989953,12.872693,-0.8136881,13.982647,22.117577,11.562861,19.294998,11.137682,9.283851,13.778179,0.12598374,0.04499851,0.04651109,0.045114513,0.2316445,0.09664747,0.16786191,0.1447425,0.085959084,0.71597356,0.36338195,0.15570946
classique_morceau1_solo_Co_theme1_mono,[109.95678191],B minor,1080.124294116866,1866.7912603243328,21.173972253213627,1725.6916103078358,-227.38216,39.87072,199.41205,31.332045,-4.287057,24.403547,5.8744874,10.518112,11.286581,11.073749,14.613095,6.763694,-6.0381308,7.2259793,-9.968214,5.475173,-2.556244,5.945656,1.4280877,6.755868,-2.0320232,6.901349,-8.419232,5.659802,-7.893506,6.4826775,0.29400828,0.35100266,0.5452252,0.29702193,0.11389235,0.10347168,0.29664314,0.1386946,0.12689655,0.3141554,0.25003824,0.5503157
classique_morceau1_solo_Co_theme2_mono,[120.18531977],D major,1174.9012309458071,1973.729592837613,22.581100063213,1836.778061532882,-231.91475,43.012707,197.67763,13.209855,-13.030073,16.391172,-1.0694282,9.435481,1.274649,8.559736,15.477248,6.1749988,-6.082372,6.891901,-6.457991,5.168967,-5.81729,4.980488,-4.864958,6.8200827,-8.875366,5.7555265,-11.853221,4.9844975,-14.039975,5.6763325,0.10725586,0.1884329,0.8579875,0.37138405,0.15494326,0.12024594,0.33145356,0.119651124,0.19716841,0.3049962,0.096219406,0.087307386
classique_morceau1_solo_Fl_theme1_mono,[172.265625],C major,3042.669583954104,2456.371645673091,21.222575960781676,4338.386922807836,-339.98996,48.156746,69.18194,13.516357,-76.7137,20.637232,-6.8801208,11.746708,-8.20319,13.265923,21.36353,8.158701,-5.6606097,9.463972,-13.697175,6.6586847,-3.6682436,8.353316,11.3330555,7.479539,11.937178,9.337483,-11.178917,10.625141,5.611762,7.635272,0.550753,0.0741993,0.2546951,0.49599272,0.07395288,0.037423555,0.0737274,0.066423014,0.048686594,0.050271094,0.03203584,0.24345559
classique_morceau1_solo_Fl_theme2_mono,[117.45383523],G major,2472.909290280083,2337.6270521645192,21.33630685187223,3067.086160390474,-361.4303,46.544926,74.39225,16.626333,-63.346024,21.401804,-23.714073,15.1883335,-13.700368,12.847821,25.262852,9.612172,15.080198,8.223802,-0.9781248,8.506957,-7.9253693,10.863568,-0.9580072,9.853127,16.828346,8.113708,10.495325,8.366892,-3.1340299,9.823031,0.106827684,0.025082532,0.024614945,0.025087567,0.034710776,0.02799356,0.15306342,0.13033636,0.07543149,0.7794432,0.24941075,0.19368188
classique_morceau1_solo_Ob_theme1_mono,[93.96306818],C major,2273.46335557115,2082.16839684994,30.0667439833992,3814.4480235541046,-343.79633,51.876335,73.890434,33.637035,-68.21469,21.02092,2.8548305,15.076944,-19.264042,10.854741,-20.54447,12.297618,-5.999427,8.664873,6.515539,7.075321,-13.272461,6.093266,3.1028357,9.871557,19.24111,18.073036,34.423714,25.824236,39.79356,22.429958,0.04423191,0.1478515,0.10017429,0.043823432,0.050420478,0.11307524,0.725803,0.20130318,0.043546442,0.13060372,0.1252372,0.11395461
classique_morceau1_solo_Ob_theme2_mono,[107.66601562],C major,2146.658746291543,1880.5105185064251,27.86954566470314,3480.132147606383,-366.79984,45.565063,71.240906,26.733963,-72.59607,19.158566,-21.218391,16.21512,-14.495892,10.952269,-19.797125,9.595926,5.048918,7.1220064,6.9896617,6.744195,-4.114556,13.280876,11.599572,22.751997,31.21083,18.940876,35.825504,13.916861,30.65864,23.313953,0.023622949,0.099469006,0.08045425,0.06409389,0.42881384,0.21752265,0.22636148,0.09159999,0.11538464,0.44094098,0.19296885,0.024362685
classique_morceau1_trio_CoFlOb_theme1_mono_Co,[107.66601562],B minor,1563.8548336029965,1993.645413313759,23.26746283667927,2672.188374533582,-234.89453,32.958378,186.37436,21.307526,-35.31497,16.266283,20.692368,10.28875,7.675823,8.897125,4.880489,7.8628235,-9.602418,9.38201,-9.670421,6.7805295,-8.5946665,6.6866918,5.3649573,7.027374,7.1084194,10.000131,-7.258333,10.319241,-2.561638,11.02466,0.36522654,0.27775925,0.47804096,0.44209516,0.11504635,0.086987734,0.3866635,0.2608015,0.06968948,0.2097952,0.22226197,0.45223427
classique_morceau1_trio_CoFlOb_theme1_mono_Fl,[107.66601562],B minor,1563.8548336029965,1993.645413313759,23.26746283667927,2672.188374533582,-234.89453,32.958378,186.37436,21.307526,-35.31497,16.266283,20.692368,10.28875,7.675823,8.897125,4.880489,7.8628235,-9.602418,9.38201,-9.670421,6.7805295,-8.5946665,6.6866918,5.3649573,7.027374,7.1084194,10.000131,-7.258333,10.319241,-2.561638,11.02466,0.36522654,0.27775925,0.47804096,0.44209516,0.11504635,0.086987734,0.3866635,0.2608015,0.06968948,0.2097952,0.22226197,0.45223427
classique_morceau1_trio_CoFlOb_theme1_mono_Ob,[107.66601562],B minor,1563.8548336029965,1993.645413313759,23.26746283667927,2672.188374533582,-234.89453,32.958378,186.37436,21.307526,-35.31497,16.266283,20.692368,10.28875,7.675823,8.897125,4.880489,7.8628235,-9.602418,9.38201,-9.670421,6.7805295,-8.5946665,6.6866918,5.3649573,7.027374,7.1084194,10.000131,-7.258333,10.319241,-2.561638,11.02466,0.36522654,0.27775925,0.47804096,0.44209516,0.11504635,0.086987734,0.3866635,0.2608015,0.06968948,0.2097952,0.22226197,0.45223427
classique_morceau1_trio_CoFlOb_theme1_stereo_Co,[147.65625],B minor,1969.5728841604246,2061.111948578887,25.079000470630948,3390.3189132462685,-267.88538,36.20029,167.45114,20.013353,-51.95094,16.463593,25.95363,11.613908,1.1339138,7.947885,3.2890928,8.625452,-12.349865,8.989441,-6.707109,8.800528,-14.519915,7.612411,8.465344,8.263809,9.277395,12.390636,-2.5894911,12.064592,2.5419376,12.724598,0.26899618,0.21385089,0.43308607,0.2976514,0.06267065,0.10979566,0.64150226,0.25894427,0.052122023,0.18385528,0.16113159,0.40059713
classique_morceau1_trio_CoFlOb_theme1_stereo_Fl,[147.65625],B minor,1969.5728841604246,2061.111948578887,25.079000470630948,3390.3189132462685,-267.88538,36.20029,167.45114,20.013353,-51.95094,16.463593,25.95363,11.613908,1.1339138,7.947885,3.2890928,8.625452,-12.349865,8.989441,-6.707109,8.800528,-14.519915,7.612411,8.465344,8.263809,9.277395,12.390636,-2.5894911,12.064592,2.5419376,12.724598,0.26899618,0.21385089,0.43308607,0.2976514,0.06267065,0.10979566,0.64150226,0.25894427,0.052122023,0.18385528,0.16113159,0.40059713
classique_morceau1_trio_CoFlOb_theme1_stereo_Ob,[147.65625],B minor,1969.5728841604246,2061.111948578887,25.079000470630948,3390.3189132462685,-267.88538,36.20029,167.45114,20.013353,-51.95094,16.463593,25.95363,11.613908,1.1339138,7.947885,3.2890928,8.625452,-12.349865,8.989441,-6.707109,8.800528,-14.519915,7.612411,8.465344,8.263809,9.277395,12.390636,-2.5894911,12.064592,2.5419376,12.724598,0.26899618,0.21385089,0.43308607,0.2976514,0.06267065,0.10979566,0.64150226,0.25894427,0.052122023,0.18385528,0.16113159,0.40059713
classique_morceau1_trio_CoFlOb_theme2_mono_Co,[139.67483108],D major,1572.5765229449091,1939.6941431128619,24.52322694852065,2317.0476267831236,-253.29306,33.301994,189.41045,14.128863,-43.430454,11.14789,5.8016453,8.515449,-6.297497,7.8923655,12.306225,9.138882,-0.08596636,7.8139405,-3.2416358,6.6587124,-17.377878,7.275964,-9.1858015,9.008118,0.47990045,8.422099,-4.7695303,7.636317,-8.784049,9.092494,0.074050225,0.114973664,0.6550957,0.3005605,0.30323455,0.1078878,0.28713083,0.09138553,0.18773292,0.5641544,0.15201986,0.078194745
classique_morceau1_trio_CoFlOb_theme2_mono_Fl,[139.67483108],D major,1572.5765229449091,1939.6941431128619,24.52322694852065,2317.0476267831236,-253.29306,33.301994,189.41045,14.128863,-43.430454,11.14789,5.8016453,8.515449,-6.297497,7.8923655,12.306225,9.138882,-0.08596636,7.8139405,-3.2416358,6.6587124,-17.377878,7.275964,-9.1858015,9.008118,0.47990045,8.422099,-4.7695303,7.636317,-8.784049,9.092494,0.074050225,0.114973664,0.6550957,0.3005605,0.30323455,0.1078878,0.28713083,0.09138553,0.18773292,0.5641544,0.15201986,0.078194745
classique_morceau1_trio_CoFlOb_theme2_mono_Ob,[139.67483108],D major,1572.5765229449091,1939.6941431128619,24.52322694852065,2317.0476267831236,-253.29306,33.301994,189.41045,14.128863,-43.430454,11.14789,5.8016453,8.515449,-6.297497,7.8923655,12.306225,9.138882,-0.08596636,7.8139405,-3.2416358,6.6587124,-17.377878,7.275964,-9.1858015,9.008118,0.47990045,8.422099,-4.7695303,7.636317,-8.784049,9.092494,0.074050225,0.114973664,0.6550957,0.3005605,0.30323455,0.1078878,0.28713083,0.09138553,0.18773292,0.5641544,0.15201986,0.078194745
classique_morceau1_trio_CoFlOb_theme2_stereo_Co,[120.18531977],D major,1612.2043083685871,2012.8455407393158,24.105240314546187,2150.862945025387,-267.883,33.534397,180.52083,15.576078,-34.63084,11.685859,1.3223697,9.430684,-5.7539964,8.464157,17.75688,9.770558,1.2729788,7.3678317,-6.507513,6.24276,-15.60262,7.1545634,-9.765301,7.9528656,1.5400103,7.10398,-5.939035,6.711452,-13.065419,7.3770227,0.081888296,0.10200047,0.6383052,0.2676705,0.18320377,0.0784862,0.26285094,0.08965546,0.17647211,0.6136364,0.16900711,0.1037077
classique_morceau1_trio_CoFlOb_theme2_stereo_Fl,[120.18531977],D major,1612.2043083685871,2012.8455407393158,24.105240314546187,2150.862945025387,-267.883,33.534397,180.52083,15.576078,-34.63084,11.685859,1.3223697,9.430684,-5.7539964,8.464157,17.75688,9.770558,1.2729788,7.3678317,-6.507513,6.24276,-15.60262,7.1545634,-9.765301,7.9528656,1.5400103,7.10398,-5.939035,6.711452,-13.065419,7.3770227,0.081888296,0.10200047,0.6383052,0.2676705,0.18320377,0.0784862,0.26285094,0.08965546,0.17647211,0.6136364,0.16900711,0.1037077
classique_morceau1_trio_CoFlOb_theme2_stereo_Ob,[120.18531977],D major,1612.2043083685871,2012.8455407393158,24.105240314546187,2150.862945025387,-267.883,33.534397,180.52083,15.576078,-34.63084,11.685859,1.3223697,9.430684,-5.7539964,8.464157,17.75688,9.770558,1.2729788,7.3678317,-6.507513,6.24276,-15.60262,7.1545634,-9.765301,7.9528656,1.5400103,7.10398,-5.939035,6.711452,-13.065419,7.3770227,0.081888296,0.10200047,0.6383052,0.2676705,0.18320377,0.0784862,0.26285094,0.08965546,0.17647211,0.6136364,0.16900711,0.1037077
classique_morceau2_duo_BoFh_theme1_mono_Bo,[112.34714674],E minor,711.6728947907374,1109.5045751216257,22.436334107395734,884.8188920454545,-403.3027,51.871326,202.23586,33.8663,55.23531,20.893528,-9.145791,15.310134,-21.276566,8.017942,-16.946129,7.7342625,-12.82984,6.1430726,-10.408435,4.713378,-14.854195,7.889767,-22.497473,7.4871316,-17.055061,6.9146094,-10.1763935,5.516443,-11.055558,7.0107965,0.10341526,0.1680388,0.3019147,0.17420688,0.5631218,0.123610355,0.1417422,0.13727643,0.14353797,0.18550256,0.099644534,0.18249068
classique_morceau2_duo_BoFh_theme1_mono_Fh,[112.34714674],E minor,711.6728947907374,1109.5045751216257,22.436334107395734,884.8188920454545,-403.3027,51.871326,202.23586,33.8663,55.23531,20.893528,-9.145791,15.310134,-21.276566,8.017942,-16.946129,7.7342625,-12.82984,6.1430726,-10.408435,4.713378,-14.854195,7.889767,-22.497473,7.4871316,-17.055061,6.9146094,-10.1763935,5.516443,-11.055558,7.0107965,0.10341526,0.1680388,0.3019147,0.17420688,0.5631218,0.123610355,0.1417422,0.13727643,0.14353797,0.18550256,0.099644534,0.18249068
classique_morceau2_duo_BoFh_theme1_stereo_Bo,[112.34714674],E minor,671.2952554216578,978.9394794388973,23.719104697063532,838.2122106201645,-424.83694,43.325047,178.09807,29.397926,53.529922,22.529438,-10.993475,16.109482,-23.77728,8.226216,-21.085033,7.6106305,-16.228338,6.730696,-12.858164,4.513608,-15.511704,7.818395,-22.984964,6.0429544,-21.382948,6.315384,-12.486079,4.719995,-11.0833025,4.712302,0.05275359,0.111459106,0.24684054,0.16050756,0.59911937,0.12474366,0.13027339,0.1136349,0.08306052,0.10399291,0.055934787,0.12764935
classique_morceau2_duo_BoFh_theme1_stereo_Fh,[112.34714674],E minor,671.2952554216578,978.9394794388973,23.719104697063532,838.2122106201645,-424.83694,43.325047,178.09807,29.397926,53.529922,22.529438,-10.993475,16.109482,-23.77728,8.226216,-21.085033,7.6106305,-16.228338,6.730696,-12.858164,4.513608,-15.511704,7.818395,-22.984964,6.0429544,-21.382948,6.315384,-12.486079,4.719995,-11.0833025,4.712302,0.05275359,0.111459106,0.24684054,0.16050756,0.59911937,0.12474366,0.13027339,0.1136349,0.08306052,0.10399291,0.055934787,0.12764935
classique_morceau2_duo_BoFh_theme2_mono_Bo,[114.84375],D major,911.7639602266036,1530.2696138411522,20.602617028440815,1290.9509300955028,-388.88702,59.159817,167.78773,45.659588,45.1872,29.329853,-8.431376,15.814665,-17.710392,11.414381,-13.445312,11.400692,-10.545196,7.79948,-10.252669,7.076427,-13.290301,7.3598537,-18.990627,8.474194,-17.728256,8.427647,-9.645862,6.761335,-3.3895078,10.795692,0.19325769,0.25382143,0.34175155,0.18702652,0.2034301,0.10835162,0.25073883,0.24405773,0.2353708,0.5167506,0.1851103,0.19221744
classique_morceau2_duo_BoFh_theme2_mono_Fh,[114.84375],D major,911.7639602266036,1530.2696138411522,20.602617028440815,1290.9509300955028,-388.88702,59.159817,167.78773,45.659588,45.1872,29.329853,-8.431376,15.814665,-17.710392,11.414381,-13.445312,11.400692,-10.545196,7.79948,-10.252669,7.076427,-13.290301,7.3598537,-18.990627,8.474194,-17.728256,8.427647,-9.645862,6.761335,-3.3895078,10.795692,0.19325769,0.25382143,0.34175155,0.18702652,0.2034301,0.10835162,0.25073883,0.24405773,0.2353708,0.5167506,0.1851103,0.19221744
classique_morceau2_duo_BoFh_theme2_stereo_Bo,[114.84375],D major,1016.1455842076605,1776.4915973377574,19.238879477838715,1495.6621358196326,-413.30325,56.70678,158.46939,44.575138,52.409317,26.119234,-2.801001,14.488328,-17.152555,11.753575,-11.58635,10.8147545,-6.5847144,7.8053584,-8.110714,6.4414434,-14.650441,7.553917,-17.577374,8.440135,-13.425704,6.83822,-8.998099,6.926269,-4.7127733,10.237683,0.24619539,0.34372962,0.43597475,0.24144047,0.21270683,0.14292149,0.30970308,0.28931242,0.24883904,0.47027436,0.22104079,0.21418503
classique_morceau2_duo_BoFh_theme2_stereo_Fh,[114.84375],D major,1016.1455842076605,1776.4915973377574,19.238879477838715,1495.6621358196326,-413.30325,56.70678,158.46939,44.575138,52.409317,26.119234,-2.801001,14.488328,-17.152555,11.753575,-11.58635,10.8147545,-6.5847144,7.8053584,-8.110714,6.4414434,-14.650441,7.553917,-17.577374,8.440135,-13.425704,6.83822,-8.998099,6.926269,-4.7127733,10.237683,0.24619539,0.34372962,0.43597475,0.24144047,0.21270683,0.14292149,0.30970308,0.28931242,0.24883904,0.47027436,0.22104079,0.21418503
classique_morceau2_duo_BoFl_theme1_mono_Bo,[107.66601562],D major,1816.3120257459195,2561.1067775210076,22.701774679984048,2481.2330943242264,-362.01117,53.878975,155.89195,46.134605,5.098259,30.406961,-12.786652,11.709391,-15.192466,10.221243,0.17403,12.835108,-1.7379726,11.1816225,14.790759,16.23776,-14.266323,12.622671,-26.01143,8.423961,-27.670654,14.297151,-12.736549,16.517294,2.134416,16.65075,0.1637527,0.2322088,0.39117765,0.19921541,0.45861912,0.1099641,0.20651507,0.12810482,0.21969244,0.27875873,0.14437217,0.21370104
classique_morceau2_duo_BoFl_theme1_mono_Fl,[107.66601562],D major,1816.3120257459195,2561.1067775210076,22.701774679984048,2481.2330943242264,-362.01117,53.878975,155.89195,46.134605,5.098259,30.406961,-12.786652,11.709391,-15.192466,10.221243,0.17403,12.835108,-1.7379726,11.1816225,14.790759,16.23776,-14.266323,12.622671,-26.01143,8.423961,-27.670654,14.297151,-12.736549,16.517294,2.134416,16.65075,0.1637527,0.2322088,0.39117765,0.19921541,0.45861912,0.1099641,0.20651507,0.12810482,0.21969244,0.27875873,0.14437217,0.21370104
classique_morceau2_duo_BoFl_theme1_stereo_Bo,[107.66601562],D major,2165.7822684017647,2829.385064207431,22.991245633673508,3018.0221114905708,-383.93835,53.916348,115.36146,40.880203,-15.060911,38.36619,-20.599548,15.344155,-15.609771,10.160472,2.766491,12.822632,1.8561833,11.630442,19.038635,18.363613,-12.620181,13.837625,-25.423458,9.487113,-30.569954,15.392254,-14.038863,17.367823,3.200879,15.950837,0.09955002,0.15384692,0.33862,0.17959896,0.5159528,0.10421891,0.19731145,0.0873301,0.15718964,0.20046058,0.09782545,0.15534037
classique_morceau2_duo_BoFl_theme1_stereo_Fl,[107.66601562],D major,2165.7822684017647,2829.385064207431,22.991245633673508,3018.0221114905708,-383.93835,53.916348,115.36146,40.880203,-15.060911,38.36619,-20.599548,15.344155,-15.609771,10.160472,2.766491,12.822632,1.8561833,11.630442,19.038635,18.363613,-12.620181,13.837625,-25.423458,9.487113,-30.569954,15.392254,-14.038863,17.367823,3.200879,15.950837,0.09955002,0.15384692,0.33862,0.17959896,0.5159528,0.10421891,0.19731145,0.0873301,0.15718964,0.20046058,0.09782545,0.15534037
classique_morceau2_duo_BoFl_theme2_mono_Bo,[114.84375],D major,1645.6359650014035,2373.6064316933675,22.17496109414204,2128.829938346228,-363.1226,60.328087,141.2098,41.062744,0.79243726,31.106003,-13.579643,16.113535,-17.864088,11.426636,-12.713514,13.483165,-10.579432,14.020911,6.3457193,12.769178,-2.2559896,15.147511,-3.9234588,18.806656,-5.3574758,15.609596,-11.503293,12.175336,-11.247991,14.198111,0.18513991,0.21946615,0.30107567,0.12361292,0.13367295,0.09798561,0.20950276,0.19296676,0.13553971,0.39231923,0.21379705,0.4504407
classique_morceau2_duo_BoFl_theme2_mono_Fl,[114.84375],D major,1645.6359650014035,2373.6064316933675,22.17496109414204,2128.829938346228,-363.1226,60.328087,141.2098,41.062744,0.79243726,31.106003,-13.579643,16.113535,-17.864088,11.426636,-12.713514,13.483165,-10.579432,14.020911,6.3457193,12.769178,-2.2559896,15.147511,-3.9234588,18.806656,-5.3574758,15.609596,-11.503293,12.175336,-11.247991,14.198111,0.18513991,0.21946615,0.30107567,0.12361292,0.13367295,0.09798561,0.20950276,0.19296676,0.13553971,0.39231923,0.21379705,0.4504407
classique_morceau2_duo_BoFl_theme2_stereo_Bo,[114.84375],D major,1459.4268673396746,2196.4825706514657,21.3094885029788,1973.3910330029014,-403.31238,55.754284,153.14041,43.82187,22.516449,27.056559,-11.279989,14.724102,-15.011295,10.994623,-13.1584015,13.137362,-8.089957,11.53191,1.6460967,10.901286,-4.374396,13.519521,-7.5981793,16.609259,-6.5493827,12.237944,-10.302609,10.690306,-10.390131,12.987791,0.24427263,0.31484404,0.37451255,0.17685537,0.16340132,0.12856968,0.27019328,0.23309594,0.16733998,0.37647137,0.24012496,0.41697708
classique_morceau2_duo_BoFl_theme2_stereo_Fl,[114.84375],D major,1459.4268673396746,2196.4825706514657,21.3094885029788,1973.3910330029014,-403.31238,55.754284,153.14041,43.82187,22.516449,27.056559,-11.279989,14.724102,-15.011295,10.994623,-13.1584015,13.137362,-8.089957,11.53191,1.6460967,10.901286,-4.374396,13.519521,-7.5981793,16.609259,-6.5493827,12.237944,-10.302609,10.690306,-10.390131,12.987791,0.24427263,0.31484404,0.37451255,0.17685537,0.16340132,0.12856968,0.27019328,0.23309594,0.16733998,0.37647137,0.24012496,0.41697708
classique_morceau2_duo_FhFl_theme1_mono_Fh,[107.66601562],E minor,1649.2402371947421,2457.431167504272,24.65526184390917,2336.706566580029,-371.73615,80.44595,124.77504,37.59275,-13.824236,25.351894,-23.96814,16.112303,-24.328089,15.921467,-11.517838,10.41111,-14.929493,10.908412,5.278247,11.782516,-19.513372,11.861635,-28.158377,12.260029,-31.657639,16.766827,-15.526644,12.40658,-2.6012747,11.346549,0.064991035,0.11256672,0.29923373,0.19824211,0.68892735,0.15562531,0.20009592,0.10998685,0.06478266,0.09998309,0.04385921,0.05732802
classique_morceau2_duo_FhFl_theme1_mono_Fl,[107.66601562],E minor,1649.2402371947421,2457.431167504272,24.65526184390917,2336.706566580029,-371.73615,80.44595,124.77504,37.59275,-13.824236,25.351894,-23.96814,16.112303,-24.328089,15.921467,-11.517838,10.41111,-14.929493,10.908412,5.278247,11.782516,-19.513372,11.861635,-28.158377,12.260029,-31.657639,16.766827,-15.526644,12.40658,-2.6012747,11.346549,0.064991035,0.11256672,0.29923373,0.19824211,0.68892735,0.15562531,0.20009592,0.10998685,0.06478266,0.09998309,0.04385921,0.05732802
classique_morceau2_duo_FhFl_theme1_stereo_Fh,[107.66601562],E minor,2173.16696702271,2941.122129027394,24.903190287756047,3206.2397999274663,-390.3356,76.18191,94.172775,30.402582,-28.60548,26.409307,-28.738632,16.992601,-22.84304,15.672391,-6.654224,9.038488,-8.460717,9.51351,10.871542,12.761495,-16.87783,12.621512,-26.986856,13.3370695,-31.402166,18.126287,-15.198902,14.36548,0.5027011,12.402938,0.08025521,0.113644555,0.32582697,0.18379465,0.66489595,0.14255793,0.22846879,0.10245296,0.06958708,0.118726805,0.052864265,0.0629568
classique_morceau2_duo_FhFl_theme1_stereo_Fl,[107.66601562],E minor,2173.16696702271,2941.122129027394,24.903190287756047,3206.2397999274663,-390.3356,76.18191,94.172775,30.402582,-28.60548,26.409307,-28.738632,16.992601,-22.84304,15.672391,-6.654224,9.038488,-8.460717,9.51351,10.871542,12.761495,-16.87783,12.621512,-26.986856,13.3370695,-31.402166,18.126287,-15.198902,14.36548,0.5027011,12.402938,0.08025521,0.113644555,0.32582697,0.18379465,0.66489595,0.14255793,0.22846879,0.10245296,0.06958708,0.118726805,0.052864265,0.0629568
classique_morceau2_duo_FhFl_theme2_mono_Fh,[114.84375],A minor,1582.9654650683676,2266.294545547356,24.255346842744785,2109.962354176741,-391.55557,65.04472,118.20629,46.541973,-20.809904,25.473454,-30.555662,16.541334,-26.554068,12.228151,-20.666365,13.327627,-15.145548,14.170172,3.1972291,14.610472,-3.7610824,14.505285,-7.7526793,17.08619,-10.390291,14.532687,-13.168103,10.554133,-11.011083,15.312286,0.095768176,0.078980975,0.17608029,0.079505146,0.15421617,0.07459986,0.12911485,0.13706349,0.11168478,0.4612962,0.14657499,0.39244154
classique_morceau2_duo_FhFl_theme2_mono_Fl,[114.84375],A minor,1582.9654650683676,2266.294545547356,24.255346842744785,2109.962354176741,-391.55557,65.04472,118.20629,46.541973,-20.809904,25.473454,-30.555662,16.541334,-26.554068,12.228151,-20.666365,13.327627,-15.145548,14.170172,3.1972291,14.610472,-3.7610824,14.505285,-7.7526793,17.08619,-10.390291,14.532687,-13.168103,10.554133,-11.011083,15.312286,0.095768176,0.078980975,0.17608029,0.079505146,0.15421617,0.07459986,0.12911485,0.13706349,0.11168478,0.4612962,0.14657499,0.39244154
classique_morceau2_duo_FhFl_theme2_stereo_Fh,[166.70866935],A minor,1773.9209952732228,2449.519188242189,24.306870091887063,2351.5757223162477,-382.51746,60.502106,95.301476,36.165913,-30.076834,25.589481,-33.135246,17.849592,-26.527798,13.21358,-18.380291,13.279823,-12.287965,14.221293,8.662598,13.304768,1.8108623,14.75905,-1.2145202,19.070704,-4.72524,16.098597,-10.977543,10.749784,-11.097216,16.188597,0.1056851,0.082115576,0.17036231,0.079671726,0.11825587,0.07921071,0.12987421,0.13840285,0.10607051,0.39551935,0.16325745,0.43307713
classique_morceau2_duo_FhFl_theme2_stereo_Fl,[166.70866935],A minor,1773.9209952732228,2449.519188242189,24.306870091887063,2351.5757223162477,-382.51746,60.502106,95.301476,36.165913,-30.076834,25.589481,-33.135246,17.849592,-26.527798,13.21358,-18.380291,13.279823,-12.287965,14.221293,8.662598,13.304768,1.8108623,14.75905,-1.2145202,19.070704,-4.72524,16.098597,-10.977543,10.749784,-11.097216,16.188597,0.1056851,0.082115576,0.17036231,0.079671726,0.11825587,0.07921071,0.12987421,0.13840285,0.10607051,0.39551935,0.16325745,0.43307713
classique_morceau2_solo_Bo_theme1_mono,[112.34714674],D major,1050.5854771110685,1908.128739026038,18.573089248017524,1572.1320796058994,-429.60907,68.92823,168.90668,52.02441,60.449898,16.44914,0.9719786,17.685102,-16.616756,12.664348,-9.864267,8.91067,-3.3875594,7.2774935,-5.2654853,6.274941,-13.907685,8.735874,-17.82539,9.7826605,-10.74583,5.9080076,-8.685389,6.965407,-10.169371,8.978483,0.30809632,0.37862512,0.4608165,0.29191124,0.22497731,0.13248423,0.15674643,0.20247346,0.3077568,0.4645597,0.3245909,0.32729247
classique_morceau2_solo_Bo_theme2_mono,[114.84375],D major,1227.8784047185602,2186.0151936937705,17.88872960491399,1940.1124463551741,-436.5917,60.869987,141.59535,49.23795,54.631912,24.715801,4.284433,16.4655,-13.1879,13.682942,-9.150849,11.720638,-4.481789,7.6709447,-6.4498734,6.275054,-12.577694,8.038513,-13.853733,8.760393,-9.78002,5.9051275,-8.395203,6.7838473,-6.1030717,8.948885,0.31862578,0.44521213,0.49648806,0.3083593,0.21441509,0.18900593,0.3462834,0.34901845,0.23455472,0.3229752,0.28520757,0.22382733
classique_morceau2_solo_Fh_theme1_mono,[117.45383523],E minor,946.232784171637,1381.0972304759266,23.955418818273586,1582.0865003928916,-456.01834,61.811024,135.34064,48.648037,36.94765,22.997875,-12.561003,19.483284,-23.924807,13.849514,-24.671055,11.334877,-20.644352,8.86601,-14.056961,6.43663,-13.360016,6.179581,-21.34209,7.80035,-22.536318,8.002642,-14.240138,5.3874454,-12.041356,5.1005225,0.04097276,0.10012074,0.22888857,0.16998363,0.6721283,0.18719235,0.13854794,0.10889258,0.05798624,0.077148445,0.03955738,0.060984578
classique_morceau2_solo_Fh_theme2_mono,[117.45383523],A major,1513.7535978103858,2096.4343078119086,22.41355054054609,3148.928992383946,-439.47714,69.12591,105.66263,59.70425,20.92568,26.030466,-16.28284,18.310658,-19.881992,15.638988,-17.139925,14.773024,-14.75133,10.332947,-12.286549,7.5398073,-12.237881,6.8433175,-18.91897,10.993867,-20.210047,12.2583885,-10.169197,8.046344,-3.2680068,8.650011,0.122068346,0.1495005,0.21251942,0.1436089,0.2143754,0.102524415,0.1871864,0.21551245,0.27437085,0.5509789,0.18078747,0.14590251
classique_morceau2_solo_Fl_theme1_mono,[107.66601562],C major,2828.2706362621443,3362.6709747003515,21.821295042350588,4410.266561895552,-383.35626,67.63166,37.240086,20.075748,-65.34996,31.070597,-44.02992,21.29372,-20.512217,15.628071,7.789392,7.713057,11.691225,6.657184,31.206556,15.560759,-0.55133283,12.716512,-16.130508,11.965758,-25.062544,17.935736,-10.608841,15.773714,7.2205043,12.6588545,0.10269651,0.1299656,0.2920862,0.2425855,0.56124884,0.27662048,0.22169462,0.123011835,0.10659481,0.17537762,0.10171643,0.0800799
classique_morceau2_solo_Fl_theme2_mono,[166.70866935],A minor,2024.6436430853457,2688.8151606895535,22.4906442055712,2713.475145823259,-392.9628,59.27215,60.629337,25.466639,-50.1426,27.276386,-41.525143,20.508286,-27.444273,16.88372,-13.452361,16.836786,-4.0057178,15.896744,18.978592,12.643867,13.093155,16.671125,9.886373,22.80767,3.4712281,19.339893,-7.620782,13.735114,-11.512433,17.761232,0.12097663,0.09689562,0.16846979,0.0885395,0.12619306,0.100285694,0.14703672,0.15694691,0.11638499,0.37614813,0.1962891,0.46387503
classique_morceau2_trio_BoFhFl_theme1_mono_Bo,[107.66601562],E minor,1222.0113911285955,1971.3201076042499,24.163041959760577,1444.140719445116,-331.2976,47.868954,183.6463,32.3745,15.309453,25.578714,-13.085584,11.254023,-20.958984,8.491748,-9.063933,8.913409,-12.267002,8.129881,5.7263064,12.019889,-19.232029,10.709433,-28.390894,7.2077985,-28.241693,13.137592,-13.01671,13.135505,-1.1047217,14.410105,0.08590177,0.14790036,0.3274297,0.16893794,0.58734316,0.11072987,0.18698157,0.12742262,0.12991482,0.17115104,0.08688952,0.16465898
classique_morceau2_trio_BoFhFl_theme1_mono_Fh,[107.66601562],E minor,1222.0113911285955,1971.3201076042499,24.163041959760577,1444.140719445116,-331.2976,47.868954,183.6463,32.3745,15.309453,25.578714,-13.085584,11.254023,-20.958984,8.491748,-9.063933,8.913409,-12.267002,8.129881,5.7263064,12.019889,-19.232029,10.709433,-28.390894,7.2077985,-28.241693,13.137592,-13.01671,13.135505,-1.1047217,14.410105,0.08590177,0.14790036,0.3274297,0.16893794,0.58734316,0.11072987,0.18698157,0.12742262,0.12991482,0.17115104,0.08688952,0.16465898
classique_morceau2_trio_BoFhFl_theme1_mono_Fl,[107.66601562],E minor,1222.0113911285955,1971.3201076042499,24.163041959760577,1444.140719445116,-331.2976,47.868954,183.6463,32.3745,15.309453,25.578714,-13.085584,11.254023,-20.958984,8.491748,-9.063933,8.913409,-12.267002,8.129881,5.7263064,12.019889,-19.232029,10.709433,-28.390894,7.2077985,-28.241693,13.137592,-13.01671,13.135505,-1.1047217,14.410105,0.08590177,0.14790036,0.3274297,0.16893794,0.58734316,0.11072987,0.18698157,0.12742262,0.12991482,0.17115104,0.08688952,0.16465898
classique_morceau2_trio_BoFhFl_theme1_stereo_Bo,[107.66601562],E minor,1633.5744152780615,2422.4150691411483,23.994479605746143,2067.6456532579787,-339.77765,50.1687,160.19926,35.293354,6.8441463,29.095999,-14.238675,11.696554,-18.875443,8.8100815,-5.4721403,9.9944315,-8.319155,8.508577,9.901858,13.799061,-18.267845,11.4716835,-27.638487,8.122299,-29.483284,13.949031,-13.27377,14.71346,1.3142526,15.636692,0.105045065,0.16559656,0.36444137,0.16956224,0.55713403,0.10247208,0.2136938,0.124652825,0.15309238,0.20120902,0.10146539,0.17631972
classique_morceau2_trio_BoFhFl_theme1_stereo_Fh,[107.66601562],E minor,1633.5744152780615,2422.4150691411483,23.994479605746143,2067.6456532579787,-339.77765,50.1687,160.19926,35.293354,6.8441463,29.095999,-14.238675,11.696554,-18.875443,8.8100815,-5.4721403,9.9944315,-8.319155,8.508577,9.901858,13.799061,-18.267845,11.4716835,-27.638487,8.122299,-29.483284,13.949031,-13.27377,14.71346,1.3142526,15.636692,0.105045065,0.16559656,0.36444137,0.16956224,0.55713403,0.10247208,0.2136938,0.124652825,0.15309238,0.20120902,0.10146539,0.17631972
classique_morceau2_trio_BoFhFl_theme1_stereo_Fl,[107.66601562],E minor,1633.5744152780615,2422.4150691411483,23.994479605746143,2067.6456532579787,-339.77765,50.1687,160.19926,35.293354,6.8441463,29.095999,-14.238675,11.696554,-18.875443,8.8100815,-5.4721403,9.9944315,-8.319155,8.508577,9.901858,13.799061,-18.267845,11.4716835,-27.638487,8.122299,-29.483284,13.949031,-13.27377,14.71346,1.3142526,15.636692,0.105045065,0.16559656,0.36444137,0.16956224,0.55713403,0.10247208,0.2136938,0.124652825,0.15309238,0.20120902,0.10146539,0.17631972
classique_morceau2_trio_BoFhFl_theme2_mono_Bo,[114.84375],D major,1359.074125823144,2059.142681817199,22.95674962722932,1664.928939494681,-358.77014,55.944016,162.36554,41.08212,5.483921,27.640694,-15.366337,14.225653,-20.353287,10.050274,-17.336826,11.342133,-14.829817,11.607847,0.4600888,12.411295,-8.04269,12.677261,-11.210393,14.536621,-11.750109,13.422353,-13.356502,10.100629,-9.460739,12.781574,0.1486987,0.17502302,0.26008922,0.10541124,0.16356233,0.07998487,0.18679821,0.17061046,0.12239246,0.475913,0.17184927,0.40211752
classique_morceau2_trio_BoFhFl_theme2_mono_Fh,[114.84375],D major,1359.074125823144,2059.142681817199,22.95674962722932,1664.928939494681,-358.77014,55.944016,162.36554,41.08212,5.483921,27.640694,-15.366337,14.225653,-20.353287,10.050274,-17.336826,11.342133,-14.829817,11.607847,0.4600888,12.411295,-8.04269,12.677261,-11.210393,14.536621,-11.750109,13.422353,-13.356502,10.100629,-9.460739,12.781574,0.1486987,0.17502302,0.26008922,0.10541124,0.16356233,0.07998487,0.18679821,0.17061046,0.12239246,0.475913,0.17184927,0.40211752
classique_morceau2_trio_BoFhFl_theme2_mono_Fl,[114.84375],D major,1359.074125823144,2059.142681817199,22.95674962722932,1664.928939494681,-358.77014,55.944016,162.36554,41.08212,5.483921,27.640694,-15.366337,14.225653,-20.353287,10.050274,-17.336826,11.342133,-14.829817,11.607847,0.4600888,12.411295,-8.04269,12.677261,-11.210393,14.536621,-11.750109,13.422353,-13.356502,10.100629,-9.460739,12.781574,0.1486987,0.17502302,0.26008922,0.10541124,0.16356233,0.07998487,0.18679821,0.17061046,0.12239246,0.475913,0.17184927,0.40211752
classique_morceau2_trio_BoFhFl_theme2_stereo_Bo,[114.84375],D major,1424.5789428647913,2150.230766741257,22.266361764576803,1794.5446612064798,-377.67743,55.342037,162.1466,40.386612,11.048488,27.202084,-12.653956,14.203233,-18.321314,10.428624,-15.501504,11.686174,-12.8765545,11.556523,1.9590205,11.733555,-6.8171864,12.7562275,-9.814255,15.473901,-9.261236,13.500217,-12.249393,10.3797,-9.622998,12.741843,0.18146075,0.22875527,0.31709266,0.12716001,0.14937387,0.09373194,0.21893975,0.19312248,0.13241327,0.41959554,0.19655193,0.42659906
classique_morceau2_trio_BoFhFl_theme2_stereo_Fh,[114.84375],D major,1424.5789428647913,2150.230766741257,22.266361764576803,1794.5446612064798,-377.67743,55.342037,162.1466,40.386612,11.048488,27.202084,-12.653956,14.203233,-18.321314,10.428624,-15.501504,11.686174,-12.8765545,11.556523,1.9590205,11.733555,-6.8171864,12.7562275,-9.814255,15.473901,-9.261236,13.500217,-12.249393,10.3797,-9.622998,12.741843,0.18146075,0.22875527,0.31709266,0.12716001,0.14937387,0.09373194,0.21893975,0.19312248,0.13241327,0.41959554,0.19655193,0.42659906
classique_morceau2_trio_BoFhFl_theme2_stereo_Fl,[114.84375],D major,1424.5789428647913,2150.230766741257,22.266361764576803,1794.5446612064798,-377.67743,55.342037,162.1466,40.386612,11.048488,27.202084,-12.653956,14.203233,-18.321314,10.428624,-15.501504,11.686174,-12.8765545,11.556523,1.9590205,11.733555,-6.8171864,12.7562275,-9.814255,15.473901,-9.261236,13.500217,-12.249393,10.3797,-9.622998,12.741843,0.18146075,0.22875527,0.31709266,0.12716001,0.14937387,0.09373194,0.21893975,0.19312248,0.13241327,0.41959554,0.19655193,0.42659906
pop_falldead_duo_BsDr_theme1_mono_Bs,[143.5546875],F major,1847.2991533385407,2806.8335952597376,16.538999499701948,3766.537224264706,-348.85663,106.91497,112.120346,43.12371,26.422749,40.045055,33.66991,28.288864,2.648463,11.823147,21.680788,11.463882,18.913515,7.701599,14.991617,9.02068,9.471757,9.7971525,5.6408615,8.510522,4.826508,7.723559,3.8565242,6.855207,6.862968,5.4955397,0.46811604,0.4876446,0.49785578,0.5319474,0.65010524,0.7206206,0.6339463,0.4804002,0.4811758,0.5422064,0.44349352,0.38726398
pop_falldead_duo_BsDr_theme1_mono_Dr,[143.5546875],F major,1847.2991533385407,2806.8335952597376,16.538999499701948,3766.537224264706,-348.85663,106.91497,112.120346,43.12371,26.422749,40.045055,33.66991,28.288864,2.648463,11.823147,21.680788,11.463882,18.913515,7.701599,14.991617,9.02068,9.471757,9.7971525,5.6408615,8.510522,4.826508,7.723559,3.8565242,6.855207,6.862968,5.4955397,0.46811604,0.4876446,0.49785578,0.5319474,0.65010524,0.7206206,0.6339463,0.4804002,0.4811758,0.5422064,0.44349352,0.38726398
pop_falldead_duo_BsDr_theme1_stereo_Bs,[143.5546875],F major,2103.0067434181205,3244.9315258022643,16.228602481580822,4149.676240808823,-366.10233,112.058426,96.098694,35.45708,23.652441,38.820675,37.703953,25.630146,5.31541,11.563948,22.092466,11.549007,18.709328,7.5420666,15.449493,8.401797,10.043968,9.989533,5.948329,8.858125,4.812808,8.07116,3.9347653,6.9386635,6.86433,5.6129107,0.45859882,0.49489018,0.5085169,0.54553574,0.663539,0.7332326,0.6554225,0.4922486,0.49500296,0.5361032,0.4465846,0.39231405
pop_falldead_duo_BsDr_theme1_stereo_Dr,[143.5546875],F major,2103.0067434181205,3244.9315258022643,16.228602481580822,4149.676240808823,-366.10233,112.058426,96.098694,35.45708,23.652441,38.820675,37.703953,25.630146,5.31541,11.563948,22.092466,11.549007,18.709328,7.5420666,15.449493,8.401797,10.043968,9.989533,5.948329,8.858125,4.812808,8.07116,3.9347653,6.9386635,6.86433,5.6129107,0.45859882,0.49489018,0.5085169,0.54553574,0.663539,0.7332326,0.6554225,0.4922486,0.49500296,0.5361032,0.4465846,0.39231405
pop_falldead_duo_GtVx_theme1_mono_Gt,[71.77734375],C major,2786.4866205190583,2843.516940995861,21.549325641986897,5641.243221507353,-252.35146,73.91756,126.52609,34.92953,-53.75221,25.519468,30.585732,19.648846,-12.266951,33.865784,4.006113,13.769495,-19.490303,10.217371,-10.612814,10.928292,-1.9091561,11.150649,-11.433587,11.703839,-9.453535,8.329958,-3.5393176,9.947868,-7.859273,9.342219,0.34503022,0.20470792,0.3184433,0.2559203,0.49604023,0.31117603,0.32592064,0.50328535,0.24512525,0.2794224,0.22659723,0.2640571
pop_falldead_duo_GtVx_theme1_mono_Vx,[71.77734375],C major,2786.4866205190583,2843.516940995861,21.549325641986897,5641.243221507353,-252.35146,73.91756,126.52609,34.92953,-53.75221,25.519468,30.585732,19.648846,-12.266951,33.865784,4.006113,13.769495,-19.490303,10.217371,-10.612814,10.928292,-1.9091561,11.150649,-11.433587,11.703839,-9.453535,8.329958,-3.5393176,9.947868,-7.859273,9.342219,0.34503022,0.20470792,0.3184433,0.2559203,0.49604023,0.31117603,0.32592064,0.50328535,0.24512525,0.2794224,0.22659723,0.2640571
pop_falldead_duo_GtVx_theme1_stereo_Gt,[71.77734375],C major,2974.8609054674876,3078.4987531998604,21.59781349856118,6033.654181985294,-271.39917,77.48669,114.38879,32.37286,-50.110806,28.229116,28.069212,20.517939,-18.84097,33.051567,2.892686,13.838621,-18.407352,11.376586,-9.16701,10.963169,-1.2964307,10.984311,-12.807298,12.547218,-9.599584,8.933284,-1.7612373,9.635805,-7.3770165,9.760742,0.33145162,0.21009631,0.33139548,0.2664356,0.46890727,0.31878263,0.31935945,0.50882035,0.2553253,0.26025113,0.23619442,0.26582128
pop_falldead_duo_GtVx_theme1_stereo_Vx,[71.77734375],C major,2974.8609054674876,3078.4987531998604,21.59781349856118,6033.654181985294,-271.39917,77.48669,114.38879,32.37286,-50.110806,28.229116,28.069212,20.517939,-18.84097,33.051567,2.892686,13.838621,-18.407352,11.376586,-9.16701,10.963169,-1.2964307,10.984311,-12.807298,12.547218,-9.599584,8.933284,-1.7612373,9.635805,-7.3770165,9.760742,0.33145162,0.21009631,0.33139548,0.2664356,0.46890727,0.31878263,0.31935945,0.50882035,0.2553253,0.26025113,0.23619442,0.26582128
pop_falldead_solo_Bs_theme1_mono,[143.5546875],F major,840.4841787800541,1714.2847019049207,16.998936286208117,1646.3020450367646,-347.8376,85.1102,194.4614,68.451065,51.209114,32.040398,-4.1548753,20.52574,5.734481,14.573018,17.892485,10.093703,18.696741,8.953938,12.442459,10.9241705,8.296773,10.70037,8.024731,8.58631,5.0046806,7.5685225,2.9192402,7.1507134,5.8800254,4.712853,0.5043895,0.4095868,0.28732404,0.29852563,0.35697556,0.44285876,0.29601997,0.27894998,0.31450382,0.51021993,0.41838756,0.40561417
pop_falldead_solo_Dr_theme1_mono,[143.5546875],F# minor,3023.4510661277177,4153.52974537201,15.346021384396412,6663.639705882353,-406.3524,132.60463,54.836708,32.510147,11.503868,31.018383,46.173782,19.192774,16.36675,14.6785755,27.336811,8.52171,19.292715,7.7758594,15.487793,6.963394,10.988186,9.734622,7.363225,9.584667,5.6458426,9.279399,3.111498,8.368877,3.90402,7.562662,0.4308058,0.47780713,0.49830505,0.5476169,0.68880755,0.76909506,0.71302354,0.5418322,0.51712376,0.50527984,0.430535,0.3754531
pop_falldead_solo_Gt_theme1_mono,[287.109375],A minor,1958.2970680921335,1962.859703819697,19.241403356313935,3449.8218060661766,-266.23242,99.75035,214.48305,42.3066,-79.958435,38.19586,24.224596,15.312672,47.09101,8.541692,-18.365047,12.447458,-4.8846326,9.533016,-12.490803,8.5901785,-12.713959,8.587558,4.1589727,5.926993,-11.779641,8.090481,-14.703603,5.3541226,-5.6726356,6.053519,0.4909329,0.30096728,0.3242379,0.31152844,0.6434297,0.37828818,0.23732135,0.42739373,0.36893898,0.4976055,0.32936254,0.34506667
pop_falldead_solo_Vx_theme1_mono,[71.77734375],C major,3262.728984589773,3297.1325127128707,22.077567933979054,6534.693818933823,-303.921,85.75451,92.69921,37.06772,-45.892593,37.711193,21.343887,21.409283,-36.973793,31.439013,-4.179806,16.56898,-14.986703,14.901773,-5.4838915,12.276516,-2.311473,11.668922,-15.921964,14.230506,-7.528921,10.611357,3.9584033,9.382655,-5.192781,10.359373,0.32084286,0.22717448,0.3395212,0.28826037,0.4199596,0.31841668,0.3323572,0.5135026,0.2870008,0.24994706,0.2465928,0.27668118
pop_falldead_trio_BsDrVx_theme1_mono_Bs,[143.5546875],F major,2585.003924892728,3131.704430210531,20.43124259767877,5670.781709558823,-288.73404,90.58938,117.80291,28.91261,-9.269162,34.520763,43.47647,23.675533,-13.148897,20.092125,16.651688,11.471341,8.608965,11.5433445,8.632013,11.576645,11.231074,10.569353,-2.136985,11.23812,4.5990043,7.948753,10.916976,7.9098063,5.2972813,8.716865,0.35626453,0.374268,0.41967553,0.44599748,0.5713234,0.59087557,0.55086184,0.46906662,0.40112177,0.4372299,0.33781728,0.3136045
pop_falldead_trio_BsDrVx_theme1_mono_Dr,[143.5546875],F major,2585.003924892728,3131.704430210531,20.43124259767877,5670.781709558823,-288.73404,90.58938,117.80291,28.91261,-9.269162,34.520763,43.47647,23.675533,-13.148897,20.092125,16.651688,11.471341,8.608965,11.5433445,8.632013,11.576645,11.231074,10.569353,-2.136985,11.23812,4.5990043,7.948753,10.916976,7.9098063,5.2972813,8.716865,0.35626453,0.374268,0.41967553,0.44599748,0.5713234,0.59087557,0.55086184,0.46906662,0.40112177,0.4372299,0.33781728,0.3136045
pop_falldead_trio_BsDrVx_theme1_mono_Vx,[143.5546875],C major,2583.874938435786,3133.9756963866203,20.450184318141982,5680.053653492647,-288.81863,90.598335,118.16614,28.87054,-9.538814,34.456734,43.685158,23.698214,-13.285718,20.127256,16.793264,11.430603,8.512215,11.540562,8.707009,11.544742,11.196773,10.574246,-2.1298554,11.273747,4.5795536,7.943876,10.963017,7.9205422,5.3756423,8.734547,0.35925347,0.37150386,0.4197862,0.4375724,0.5689877,0.59481454,0.5505363,0.47483826,0.39715686,0.43505803,0.34047687,0.30953547
pop_falldead_trio_BsDrVx_theme1_stereo_Bs,[143.5546875],C major,2896.054625908038,3166.700594620183,20.71420042993731,6094.352481617647,-269.97174,83.40075,114.34006,27.309492,-36.573593,27.411406,40.567013,21.928791,-10.431779,28.905127,13.89435,14.605651,-6.619584,11.755469,-0.5299714,12.783383,5.860127,9.34428,-4.3419223,11.576615,-1.2120689,9.449678,4.2454796,9.915309,0.46290237,10.101958,0.31247783,0.3365236,0.41520432,0.4231651,0.579746,0.5729687,0.53191906,0.50472534,0.4038484,0.3909266,0.31554025,0.28141746
pop_falldead_trio_BsDrVx_theme1_stereo_Dr,[143.5546875],C major,2896.054625908038,3166.700594620183,20.71420042993731,6094.352481617647,-269.97174,83.40075,114.34006,27.309492,-36.573593,27.411406,40.567013,21.928791,-10.431779,28.905127,13.89435,14.605651,-6.619584,11.755469,-0.5299714,12.783383,5.860127,9.34428,-4.3419223,11.576615,-1.2120689,9.449678,4.2454796,9.915309,0.46290237,10.101958,0.31247783,0.3365236,0.41520432,0.4231651,0.579746,0.5729687,0.53191906,0.50472534,0.4038484,0.3909266,0.31554025,0.28141746
pop_falldead_trio_BsDrVx_theme1_stereo_Vx,[143.5546875],C major,2896.054625908038,3166.700594620183,20.71420042993731,6094.352481617647,-269.97174,83.40075,114.34006,27.309492,-36.573593,27.411406,40.567013,21.928791,-10.431779,28.905127,13.89435,14.605651,-6.619584,11.755469,-0.5299714,12.783383,5.860127,9.34428,-4.3419223,11.576615,-1.2120689,9.449678,4.2454796,9.915309,0.46290237,10.101958,0.31247783,0.3365236,0.41520432,0.4231651,0.579746,0.5729687,0.53191906,0.50472534,0.4038484,0.3909266,0.31554025,0.28141746
pop_falldead_trio_GtDrVx_theme1_mono_Dr,[143.5546875],A minor,2395.7909563819994,2571.578513567587,20.196392815261692,4775.304457720588,-195.58672,75.686134,158.25766,37.213196,-57.052692,26.49951,42.277554,17.295109,6.738316,27.699488,10.584399,16.681778,-12.954156,8.575476,-7.6188374,11.9286785,0.99637,11.503231,-2.557583,9.273715,-3.7658093,8.286873,-3.7727985,10.48428,-3.0486236,8.309784,0.38093308,0.32181835,0.3798679,0.3940043,0.6584564,0.5340475,0.4565891,0.5175145,0.40531766,0.43847734,0.31298724,0.29125282
pop_falldead_trio_GtDrVx_theme1_mono_Gt,[143.5546875],A minor,2395.7909563819994,2571.578513567587,20.196392815261692,4775.304457720588,-195.58672,75.686134,158.25766,37.213196,-57.052692,26.49951,42.277554,17.295109,6.738316,27.699488,10.584399,16.681778,-12.954156,8.575476,-7.6188374,11.9286785,0.99637,11.503231,-2.557583,9.273715,-3.7658093,8.286873,-3.7727985,10.48428,-3.0486236,8.309784,0.38093308,0.32181835,0.3798679,0.3940043,0.6584564,0.5340475,0.4565891,0.5175145,0.40531766,0.43847734,0.31298724,0.29125282
pop_falldead_trio_GtDrVx_theme1_mono_Vx,[143.5546875],A minor,2395.7909563819994,2571.578513567587,20.196392815261692,4775.304457720588,-195.58672,75.686134,158.25766,37.213196,-57.052692,26.49951,42.277554,17.295109,6.738316,27.699488,10.584399,16.681778,-12.954156,8.575476,-7.6188374,11.9286785,0.99637,11.503231,-2.557583,9.273715,-3.7658093,8.286873,-3.7727985,10.48428,-3.0486236,8.309784,0.38093308,0.32181835,0.3798679,0.3940043,0.6584564,0.5340475,0.4565891,0.5175145,0.40531766,0.43847734,0.31298724,0.29125282
pop_falldead_trio_GtDrVx_theme1_stereo_Dr,[143.5546875],A minor,2170.778706353661,2255.1763910676746,19.695979379365777,4145.724264705882,-209.37744,82.73379,182.94121,41.105835,-68.351326,30.835089,41.952087,15.465324,18.525377,22.896782,4.824214,18.221712,-11.196055,7.953971,-9.770405,11.016634,-1.5027332,11.41069,-0.8849306,8.253683,-4.7512326,7.941808,-7.759455,9.488004,-4.07357,7.227668,0.4152317,0.309996,0.34599304,0.36944416,0.6829657,0.5101189,0.39723513,0.46547374,0.40445384,0.4784166,0.3254501,0.31070378
pop_falldead_trio_GtDrVx_theme1_stereo_Gt,[143.5546875],A minor,2170.778706353661,2255.1763910676746,19.695979379365777,4145.724264705882,-209.37744,82.73379,182.94121,41.105835,-68.351326,30.835089,41.952087,15.465324,18.525377,22.896782,4.824214,18.221712,-11.196055,7.953971,-9.770405,11.016634,-1.5027332,11.41069,-0.8849306,8.253683,-4.7512326,7.941808,-7.759455,9.488004,-4.07357,7.227668,0.4152317,0.309996,0.34599304,0.36944416,0.6829657,0.5101189,0.39723513,0.46547374,0.40445384,0.4784166,0.3254501,0.31070378
pop_falldead_trio_GtDrVx_theme1_stereo_Vx,[143.5546875],A minor,2170.778706353661,2255.1763910676746,19.695979379365777,4145.724264705882,-209.37744,82.73379,182.94121,41.105835,-68.351326,30.835089,41.952087,15.465324,18.525377,22.896782,4.824214,18.221712,-11.196055,7.953971,-9.770405,11.016634,-1.5027332,11.41069,-0.8849306,8.253683,-4.7512326,7.941808,-7.759455,9.488004,-4.07357,7.227668,0.4152317,0.309996,0.34599304,0.36944416,0.6829657,0.5101189,0.39723513,0.46547374,0.40445384,0.4784166,0.3254501,0.31070378
pop_mixtape_duo_BsDr_theme1_mono_Bs,[147.65625],A major,1968.5562042222557,3226.973138228879,16.723238531866034,4633.585593097448,-266.13492,73.658035,135.84209,24.18414,6.4355264,25.063427,63.79516,14.501619,1.8204412,9.565891,13.446148,7.644428,16.977823,7.6075144,14.739419,6.4065237,4.562157,6.4417167,6.2066064,5.9067526,10.965869,6.362302,7.919953,4.991475,5.8594418,4.9070277,0.49181262,0.5065954,0.4104148,0.42789346,0.4290351,0.3946035,0.3968657,0.43054435,0.48548108,0.5897054,0.57570297,0.609154
pop_mixtape_duo_BsDr_theme1_mono_Dr,[147.65625],A major,1968.7468247673605,3228.361876464796,16.775539701399477,4632.136723281613,-266.07162,73.39992,136.07271,23.99757,6.254666,24.952831,63.858612,14.526798,1.7432703,9.575905,13.54279,7.6923385,16.898386,7.546709,14.757544,6.39824,4.496905,6.4520335,6.203782,5.868716,10.901092,6.398465,7.94541,4.9855075,5.815943,4.923529,0.48828125,0.48231614,0.42232826,0.4359034,0.43817452,0.3960509,0.4059663,0.4502699,0.5530868,0.58568364,0.60265964,0.59348816
pop_mixtape_duo_BsDr_theme1_stereo_Bs,[147.65625],C minor,3209.989365481211,3813.0505461415937,16.697156418421972,6988.698498223608,-299.94473,95.421295,106.15942,35.092457,-7.635683,18.867805,61.03878,14.09066,-5.1707015,12.3763275,7.679709,9.700552,11.315562,7.5869713,16.639982,7.694137,5.5113697,7.7304544,7.389733,7.9393206,8.967446,7.480982,8.136854,6.1695952,5.422481,5.2986045,0.5190501,0.57414013,0.5306409,0.58111113,0.5070491,0.5661455,0.56323546,0.5849966,0.56360394,0.5799622,0.5911644,0.47994497
pop_mixtape_duo_BsDr_theme1_stereo_Dr,[147.65625],C minor,3209.989365481211,3813.0505461415937,16.697156418421972,6988.698498223608,-299.94473,95.421295,106.15942,35.092457,-7.635683,18.867805,61.03878,14.09066,-5.1707015,12.3763275,7.679709,9.700552,11.315562,7.5869713,16.639982,7.694137,5.5113697,7.7304544,7.389733,7.9393206,8.967446,7.480982,8.136854,6.1695952,5.422481,5.2986045,0.5190501,0.57414013,0.5306409,0.58111113,0.5070491,0.5661455,0.56323546,0.5849966,0.56360394,0.5799622,0.5911644,0.47994497
pop_mixtape_duo_BsDr_theme2_mono_Bs,[147.65625],Bb minor,2313.184891589992,3446.6409280581947,16.848400478138156,5473.14047011001,-307.9144,83.33638,115.51332,26.192812,6.083047,25.439577,65.3506,15.173429,2.1002238,12.176242,10.408009,8.164228,19.007427,6.8985085,17.601797,6.103993,9.564829,7.178436,8.934617,6.1141887,12.038316,6.2919054,6.276291,5.30327,5.9619517,4.2569485,0.62959504,0.6970571,0.5560298,0.522776,0.5132639,0.55036575,0.4980697,0.47556216,0.49760494,0.5507234,0.55276453,0.55020154
pop_mixtape_duo_BsDr_theme2_mono_Dr,[147.65625],Bb minor,2313.184891589992,3446.6409280581947,16.848400478138156,5473.14047011001,-307.9144,83.33638,115.51332,26.192812,6.083047,25.439577,65.3506,15.173429,2.1002238,12.176242,10.408009,8.164228,19.007427,6.8985085,17.601797,6.103993,9.564829,7.178436,8.934617,6.1141887,12.038316,6.2919054,6.276291,5.30327,5.9619517,4.2569485,0.62959504,0.6970571,0.5560298,0.522776,0.5132639,0.55036575,0.4980697,0.47556216,0.49760494,0.5507234,0.55276453,0.55020154
pop_mixtape_duo_BsDr_theme2_stereo_Bs,[151.99908088],C major,2884.5364087245125,3569.61964625088,17.781745181048738,6166.159748247099,-336.84845,120.96531,101.96006,35.557564,-0.60950154,23.706514,52.560383,23.634077,-2.0242114,13.501235,9.830714,10.40715,12.275736,7.496709,17.096115,7.6646047,11.407294,15.593513,16.780548,23.386995,17.25069,20.972618,10.971578,9.159949,3.4406137,6.9563656,0.45053804,0.48592645,0.45093378,0.49734738,0.4323056,0.46098703,0.47258464,0.52496344,0.5185708,0.6327024,0.53548324,0.44938734
pop_mixtape_duo_BsDr_theme2_stereo_Dr,[151.99908088],C major,2884.5364087245125,3569.61964625088,17.781745181048738,6166.159748247099,-336.84845,120.96531,101.96006,35.557564,-0.60950154,23.706514,52.560383,23.634077,-2.0242114,13.501235,9.830714,10.40715,12.275736,7.496709,17.096115,7.6646047,11.407294,15.593513,16.780548,23.386995,17.25069,20.972618,10.971578,9.159949,3.4406137,6.9563656,0.45053804,0.48592645,0.45093378,0.49734738,0.4323056,0.46098703,0.47258464,0.52496344,0.5185708,0.6327024,0.53548324,0.44938734
pop_mixtape_duo_GtVx_theme1_mono_Gt,[151.99908088],E major,2331.0498862274685,2249.439243429973,19.67732904750651,3923.9391495069603,-150.66905,49.881714,177.06837,26.903786,-83.03582,17.242767,23.246569,10.641447,5.117524,16.276323,12.5484295,12.543912,-15.079095,8.843341,-4.560589,7.5326943,-13.933961,5.901219,-3.6549733,6.065318,-9.326076,6.666564,-10.877848,6.6356606,-8.006085,6.054368,0.21791314,0.31074986,0.37663478,0.39107257,0.5580275,0.25364143,0.35840613,0.24249445,0.355475,0.46735275,0.3171773,0.51184005
pop_mixtape_duo_GtVx_theme1_mono_Vx,[151.99908088],E major,2330.512122144032,2250.7927955944733,19.64750999786178,3925.4879413790604,-150.68236,49.481327,177.23029,26.963482,-83.17247,17.236557,23.396326,10.5778885,5.021393,16.250593,12.649623,12.527215,-15.158173,8.864613,-4.499747,7.5348983,-13.981561,5.9285736,-3.5919101,6.054095,-9.363042,6.699185,-10.81535,6.664086,-8.045242,6.076018,0.22064444,0.31243527,0.38006824,0.39056844,0.5590539,0.2549166,0.359199,0.24288075,0.35504112,0.46612105,0.3194288,0.51318425
pop_mixtape_duo_GtVx_theme1_stereo_Gt,[151.99908088],A major,2135.06842735895,1784.1384304905625,19.627779965181155,3561.5218514356147,-164.34962,41.24732,203.77234,21.864786,-104.16941,16.164095,25.336433,8.3548975,14.382114,10.498255,4.9911575,9.634171,-10.107146,6.5318017,-7.4513454,5.5894175,-16.716915,5.1149,-5.3171268,5.537106,-8.441886,5.2744813,-12.740058,5.4831886,-6.4871426,5.4645343,0.25191107,0.40341452,0.4319001,0.34077018,0.6788638,0.2581051,0.32676867,0.25499746,0.3933692,0.5061971,0.23571801,0.4181899
pop_mixtape_duo_GtVx_theme1_stereo_Vx,[151.99908088],A major,2134.974219535251,1787.6499935961529,19.61982461517534,3558.4242676914155,-164.2225,40.756195,203.79106,21.898853,-104.1689,16.154057,25.40873,8.248333,14.296044,10.444712,5.080345,9.659922,-10.185553,6.5254316,-7.377731,5.598332,-16.749865,5.118253,-5.237168,5.582892,-8.474928,5.2946777,-12.661713,5.4697556,-6.5219736,5.4654784,0.2508793,0.38595405,0.4410017,0.33897704,0.6818962,0.273035,0.32781127,0.25448737,0.38791525,0.511371,0.24815525,0.4149103
pop_mixtape_duo_GtVx_theme2_mono_Gt,[139.67483108],C# minor,2335.652054832218,2360.954926131072,20.5773838380082,3938.2021049927466,-148.85109,44.373974,174.1895,33.205166,-73.09612,21.024849,26.585691,12.128993,6.8217883,15.018741,21.873432,13.376842,-18.851746,8.286408,-12.178567,8.074473,-12.916316,5.8707514,-8.477761,7.783938,-11.573833,6.7729244,-10.926522,7.5141616,-11.966151,8.09189,0.27267754,0.44698584,0.25686967,0.29094794,0.3284002,0.23020221,0.35437176,0.3601348,0.54801863,0.40775588,0.25090024,0.4712712
pop_mixtape_duo_GtVx_theme2_mono_Vx,[139.67483108],C# minor,2335.652054832218,2360.954926131072,20.5773838380082,3938.2021049927466,-148.85109,44.373974,174.1895,33.205166,-73.09612,21.024849,26.585691,12.128993,6.8217883,15.018741,21.873432,13.376842,-18.851746,8.286408,-12.178567,8.074473,-12.916316,5.8707514,-8.477761,7.783938,-11.573833,6.7729244,-10.926522,7.5141616,-11.966151,8.09189,0.27267754,0.44698584,0.25686967,0.29094794,0.3284002,0.23020221,0.35437176,0.3601348,0.54801863,0.40775588,0.25090024,0.4712712
pop_mixtape_duo_GtVx_theme2_stereo_Gt,[151.99908088],C# minor,1921.52704796623,1826.635197334014,20.22553684610346,3391.750219112669,-173.74898,40.30826,209.65256,28.520653,-88.94424,22.844345,22.169884,10.616139,14.780964,13.752695,10.955352,13.314332,-13.662616,8.23616,-9.2591,6.0218773,-12.618771,5.820171,-10.917734,7.2623343,-10.030581,5.9953275,-12.929907,6.8911757,-9.332464,6.9894466,0.28859597,0.5323987,0.30233514,0.31440097,0.33111882,0.23571458,0.33259308,0.31564066,0.53270584,0.38948277,0.23437713,0.3960759
pop_mixtape_duo_GtVx_theme2_stereo_Vx,[151.99908088],C# minor,1921.52704796623,1826.635197334014,20.22553684610346,3391.750219112669,-173.74898,40.30826,209.65256,28.520653,-88.94424,22.844345,22.169884,10.616139,14.780964,13.752695,10.955352,13.314332,-13.662616,8.23616,-9.2591,6.0218773,-12.618771,5.820171,-10.917734,7.2623343,-10.030581,5.9953275,-12.929907,6.8911757,-9.332464,6.9894466,0.28859597,0.5323987,0.30233514,0.31440097,0.33111882,0.23571458,0.33259308,0.31564066,0.53270584,0.38948277,0.23437713,0.3960759
pop_mixtape_solo_Bs_theme1_mono,[147.65625],B minor,608.1908784847272,1332.3931182097126,16.54171817045138,1006.1651455553945,-311.96283,55.789135,192.22867,24.474895,27.020805,29.57453,28.921585,13.97055,24.666496,10.282091,14.421952,8.006043,22.650688,5.671463,10.02051,5.8444037,-0.07763372,5.958855,9.15501,4.79313,12.592577,4.6597753,8.565347,4.441417,7.482319,4.7288113,0.43570533,0.39758965,0.2875994,0.2623693,0.32188997,0.2514406,0.28762314,0.3084628,0.41144314,0.5360922,0.5218661,0.5787599
pop_mixtape_solo_Bs_theme2_mono,[156.60511364],F# minor,478.66431750161803,1279.64906852483,16.24397304460034,661.8232062983559,-315.64963,53.196507,172.27136,24.25319,41.110004,30.21054,34.974876,14.308321,30.926544,9.545928,19.862492,7.900425,25.502531,7.442424,13.234378,5.4366107,1.5418481,5.9026537,10.3749695,5.1135635,14.265683,5.408702,9.401256,5.201518,8.100716,4.9628115,0.64699644,0.6019589,0.35431826,0.3154064,0.32979408,0.3338715,0.348701,0.31352794,0.43486774,0.48460948,0.52308744,0.57310987
pop_mixtape_solo_Dr_theme1_mono,[147.65625],C minor,3440.903308212768,3833.0997048295962,17.01884957208466,7251.443545171113,-305.97324,98.43926,100.516655,38.802376,-12.619936,17.51551,58.04432,14.402173,-8.636378,14.02356,5.0582285,11.599498,9.156665,8.212929,15.61769,8.318204,4.8061295,8.386988,6.831071,8.880766,8.676466,8.05672,8.110143,6.874159,5.938624,5.7492604,0.49305636,0.55898595,0.52994174,0.593862,0.51144063,0.5644418,0.5663102,0.5811999,0.5294876,0.54612494,0.556277,0.43340525
pop_mixtape_solo_Dr_theme2_mono,[147.65625],Eb major,3705.6747117923114,3795.0285897267086,17.089376769678463,7488.098498700435,-327.7147,93.45997,93.480576,37.029602,-10.883383,19.10475,55.443993,16.319654,-10.091472,14.185919,-0.005527991,13.020953,10.315865,7.470868,13.628844,7.072657,6.783466,9.299386,6.457098,7.7821374,9.108695,7.235743,4.5032015,6.0043044,5.113504,4.7195635,0.55326056,0.627581,0.5663132,0.62799203,0.5532739,0.5392386,0.50680083,0.48179248,0.49997285,0.523142,0.5655164,0.44311365
pop_mixtape_solo_Gt_theme1_mono,[151.99908088],A major,2063.932587116581,1598.8650382614148,20.695466024946725,3441.115773636891,-160.18976,36.270763,216.87703,18.782478,-114.752014,14.63707,25.080898,8.079129,21.319809,8.430369,-3.3935246,6.033926,-4.1111655,6.318477,-12.737653,4.91188,-17.982044,5.223097,-7.1125007,4.4808373,-9.061208,4.641104,-15.626597,4.1842256,-4.4653044,4.5972652,0.25147003,0.4040726,0.42597178,0.3229201,0.6831179,0.250162,0.31384933,0.25061974,0.37946877,0.5039016,0.21418707,0.39910656
pop_mixtape_solo_Gt_theme2_mono,[143.5546875],C# minor,1699.5049376437557,1421.5634291773824,20.62058225544011,2989.4083580149904,-201.98964,38.731804,240.77814,20.777073,-101.40956,21.760616,11.73515,14.738839,34.694744,12.35382,-10.69337,6.370421,-1.5054965,6.322157,-11.27714,5.9973454,-16.280745,4.9417996,-6.977487,6.058755,-13.078447,5.828985,-14.671578,5.7171984,-5.739037,4.8879566,0.28563333,0.538217,0.30453447,0.3101299,0.31882584,0.2281787,0.31796625,0.2923922,0.51180816,0.3733595,0.22709186,0.3712447
pop_mixtape_solo_Vx_theme1_mono,[151.99908088],B major,2821.8579894054224,3062.1437890972866,23.727879608292263,5264.743261492169,-255.76514,88.90191,107.19363,38.018524,-46.565147,33.157,30.425892,21.828157,-15.544476,30.331388,9.253926,25.226795,-13.919621,16.651842,0.24813128,20.560274,-6.328543,9.859347,-4.023146,11.34647,-14.0335045,12.278111,-6.877589,11.6536255,-1.353495,8.6373,0.17605384,0.16946965,0.23815522,0.3537096,0.23318961,0.23371367,0.3551027,0.24793932,0.28992978,0.32409367,0.39554337,0.5094199
pop_mixtape_solo_Vx_theme2_mono,[77.13386194],B major,3123.931170545147,2967.1064680884147,26.315515554421058,5319.909030464217,-227.5544,66.98395,87.207695,44.356064,-64.453964,29.667555,41.504482,21.831995,12.303361,20.120174,32.659145,13.160558,-25.671959,17.029139,-26.798843,19.578646,-9.586301,9.017136,0.45611244,7.782962,-12.257001,8.143604,-11.46577,12.563592,-11.951075,9.541495,0.19140774,0.12717527,0.1499076,0.23751396,0.22902358,0.20078926,0.26577577,0.3129576,0.41619712,0.32950303,0.17898132,0.33740383
pop_mixtape_trio_BsDrVx_theme1_mono_Bs,[151.99908088],B minor,2165.270170711651,3124.910660293758,18.936953599905728,4706.378811086137,-227.26968,68.81757,143.80272,24.298906,-12.804665,22.703327,53.378212,13.846992,-0.40011874,19.296467,18.60838,14.793436,7.6051593,11.260655,12.60938,13.465052,6.288001,7.7097006,7.2500815,8.583813,3.2396553,7.375163,4.190298,7.3372703,6.6188326,5.8610544,0.41011235,0.403211,0.37960473,0.46019083,0.38701785,0.33629847,0.37602872,0.38184506,0.47509393,0.5134542,0.5583654,0.60203075
pop_mixtape_trio_BsDrVx_theme1_mono_Dr,[151.99908088],B minor,2165.270170711651,3124.910660293758,18.936953599905728,4706.378811086137,-227.26968,68.81757,143.80272,24.298906,-12.804665,22.703327,53.378212,13.846992,-0.40011874,19.296467,18.60838,14.793436,7.6051593,11.260655,12.60938,13.465052,6.288001,7.7097006,7.2500815,8.583813,3.2396553,7.375163,4.190298,7.3372703,6.6188326,5.8610544,0.41011235,0.403211,0.37960473,0.46019083,0.38701785,0.33629847,0.37602872,0.38184506,0.47509393,0.5134542,0.5583654,0.60203075
pop_mixtape_trio_BsDrVx_theme1_mono_Vx,[151.99908088],B minor,2164.8348554508602,3123.212777154181,18.931711132631957,4703.930720707656,-227.37015,69.2609,143.61862,24.464783,-12.671612,22.798803,53.30939,13.825069,-0.3287311,19.275024,18.56656,14.789783,7.692335,11.2925,12.590846,13.501212,6.353627,7.702953,7.2366905,8.595988,3.3057258,7.3734646,4.1662936,7.352882,6.646822,5.859309,0.4152114,0.40493202,0.37695682,0.460154,0.38978744,0.33551985,0.3732009,0.38155466,0.4718095,0.51141024,0.5545459,0.60203445
pop_mixtape_trio_BsDrVx_theme1_stereo_Bs,[147.65625],B minor,2802.5333858525346,3470.47799987556,18.940183032830614,6004.466244018271,-252.85254,87.970345,124.202034,30.050976,-20.5106,20.853346,49.76401,14.819775,-6.258056,20.33772,13.348138,15.054265,4.2892733,10.852648,12.366442,13.780594,4.9809422,8.47049,6.952752,9.225859,1.7397872,7.9476943,3.6169133,7.9650383,4.8432765,6.445825,0.44453183,0.46735775,0.43091595,0.582703,0.43789533,0.45267332,0.48094562,0.49914727,0.4871383,0.50932693,0.51665556,0.5427977
pop_mixtape_trio_BsDrVx_theme1_stereo_Dr,[147.65625],B minor,2802.5333858525346,3470.47799987556,18.940183032830614,6004.466244018271,-252.85254,87.970345,124.202034,30.050976,-20.5106,20.853346,49.76401,14.819775,-6.258056,20.33772,13.348138,15.054265,4.2892733,10.852648,12.366442,13.780594,4.9809422,8.47049,6.952752,9.225859,1.7397872,7.9476943,3.6169133,7.9650383,4.8432765,6.445825,0.44453183,0.46735775,0.43091595,0.582703,0.43789533,0.45267332,0.48094562,0.49914727,0.4871383,0.50932693,0.51665556,0.5427977
pop_mixtape_trio_BsDrVx_theme1_stereo_Vx,[147.65625],B minor,2802.5333858525346,3470.47799987556,18.940183032830614,6004.466244018271,-252.85254,87.970345,124.202034,30.050976,-20.5106,20.853346,49.76401,14.819775,-6.258056,20.33772,13.348138,15.054265,4.2892733,10.852648,12.366442,13.780594,4.9809422,8.47049,6.952752,9.225859,1.7397872,7.9476943,3.6169133,7.9650383,4.8432765,6.445825,0.44453183,0.46735775,0.43091595,0.582703,0.43789533,0.45267332,0.48094562,0.49914727,0.4871383,0.50932693,0.51665556,0.5427977
pop_mixtape_trio_BsDrVx_theme2_mono_Bs,[147.65625],B major,2728.4584054074103,3175.6630073306837,20.981509053002753,5488.925932362185,-227.10747,60.6924,123.28484,35.687893,-32.59419,23.881392,57.418163,15.83517,16.381147,18.743471,33.126526,11.722109,-3.4504106,10.158184,-2.8489785,13.73014,6.670692,7.418322,13.318097,7.009598,5.363937,6.996483,-1.7755637,10.32072,-2.096116,7.8764544,0.47664088,0.50083405,0.3696531,0.38010105,0.38650817,0.40207702,0.40365168,0.41579765,0.4819713,0.46194398,0.3985074,0.47828153
pop_mixtape_trio_BsDrVx_theme2_mono_Dr,[147.65625],B major,2728.4584054074103,3175.6630073306837,20.981509053002753,5488.925932362185,-227.10747,60.6924,123.28484,35.687893,-32.59419,23.881392,57.418163,15.83517,16.381147,18.743471,33.126526,11.722109,-3.4504106,10.158184,-2.8489785,13.73014,6.670692,7.418322,13.318097,7.009598,5.363937,6.996483,-1.7755637,10.32072,-2.096116,7.8764544,0.47664088,0.50083405,0.3696531,0.38010105,0.38650817,0.40207702,0.40365168,0.41579765,0.4819713,0.46194398,0.3985074,0.47828153
pop_mixtape_trio_BsDrVx_theme2_mono_Vx,[147.65625],B major,2728.4584054074103,3175.6630073306837,20.981509053002753,5488.925932362185,-227.10747,60.6924,123.28484,35.687893,-32.59419,23.881392,57.418163,15.83517,16.381147,18.743471,33.126526,11.722109,-3.4504106,10.158184,-2.8489785,13.73014,6.670692,7.418322,13.318097,7.009598,5.363937,6.996483,-1.7755637,10.32072,-2.096116,7.8764544,0.47664088,0.50083405,0.3696531,0.38010105,0.38650817,0.40207702,0.40365168,0.41579765,0.4819713,0.46194398,0.3985074,0.47828153
pop_mixtape_trio_BsDrVx_theme2_stereo_Bs,[147.65625],B major,2304.7003678800834,3216.2044468888116,19.023546647736254,5146.852049836799,-271.40457,62.7121,128.18164,28.3878,-16.260786,21.712196,59.20261,14.4141035,16.644,19.008629,28.585264,10.036877,5.8951406,7.901013,2.1685522,11.485234,8.36231,7.025985,13.466842,7.082821,9.740909,6.582426,0.035588574,8.556685,0.59589946,6.684123,0.61817086,0.62211174,0.46733916,0.45254055,0.45595026,0.48995245,0.43798867,0.42618555,0.486487,0.52082056,0.4820811,0.5454104
pop_mixtape_trio_BsDrVx_theme2_stereo_Dr,[147.65625],B major,2304.7003678800834,3216.2044468888116,19.023546647736254,5146.852049836799,-271.40457,62.7121,128.18164,28.3878,-16.260786,21.712196,59.20261,14.4141035,16.644,19.008629,28.585264,10.036877,5.8951406,7.901013,2.1685522,11.485234,8.36231,7.025985,13.466842,7.082821,9.740909,6.582426,0.035588574,8.556685,0.59589946,6.684123,0.61817086,0.62211174,0.46733916,0.45254055,0.45595026,0.48995245,0.43798867,0.42618555,0.486487,0.52082056,0.4820811,0.5454104
pop_mixtape_trio_BsDrVx_theme2_stereo_Vx,[147.65625],B major,2304.7003678800834,3216.2044468888116,19.023546647736254,5146.852049836799,-271.40457,62.7121,128.18164,28.3878,-16.260786,21.712196,59.20261,14.4141035,16.644,19.008629,28.585264,10.036877,5.8951406,7.901013,2.1685522,11.485234,8.36231,7.025985,13.466842,7.082821,9.740909,6.582426,0.035588574,8.556685,0.59589946,6.684123,0.61817086,0.62211174,0.46733916,0.45254055,0.45595026,0.48995245,0.43798867,0.42618555,0.486487,0.52082056,0.4820811,0.5454104
pop_mixtape_trio_GtDrVx_theme1_mono_Dr,[151.99908088],E major,2331.969358927266,2479.16302885077,18.14610271450686,4069.8753126812644,-173.46443,48.304283,171.12602,19.65657,-69.80935,15.82163,30.141369,10.906371,9.631391,14.439329,19.22819,9.659589,-8.399329,7.0169373,0.21272974,6.663322,-6.975314,5.888141,1.5694777,6.960672,-2.8253188,6.028738,-4.2021766,6.257147,-3.869457,5.458196,0.39240313,0.48814002,0.51622134,0.53634906,0.5960922,0.43097532,0.42178383,0.43270877,0.49468225,0.52697265,0.4267393,0.48814383
pop_mixtape_trio_GtDrVx_theme1_mono_Gt,[151.99908088],E major,2331.969358927266,2479.16302885077,18.14610271450686,4069.8753126812644,-173.46443,48.304283,171.12602,19.65657,-69.80935,15.82163,30.141369,10.906371,9.631391,14.439329,19.22819,9.659589,-8.399329,7.0169373,0.21272974,6.663322,-6.975314,5.888141,1.5694777,6.960672,-2.8253188,6.028738,-4.2021766,6.257147,-3.869457,5.458196,0.39240313,0.48814002,0.51622134,0.53634906,0.5960922,0.43097532,0.42178383,0.43270877,0.49468225,0.52697265,0.4267393,0.48814383
pop_mixtape_trio_GtDrVx_theme1_mono_Vx,[151.99908088],E major,2331.969358927266,2479.16302885077,18.14610271450686,4069.8753126812644,-173.46443,48.304283,171.12602,19.65657,-69.80935,15.82163,30.141369,10.906371,9.631391,14.439329,19.22819,9.659589,-8.399329,7.0169373,0.21272974,6.663322,-6.975314,5.888141,1.5694777,6.960672,-2.8253188,6.028738,-4.2021766,6.257147,-3.869457,5.458196,0.39240313,0.48814002,0.51622134,0.53634906,0.5960922,0.43097532,0.42178383,0.43270877,0.49468225,0.52697265,0.4267393,0.48814383
pop_mixtape_trio_GtDrVx_theme1_stereo_Dr,[151.99908088],E major,2407.195481935389,2686.453486377931,17.46819429788694,4357.25114649797,-223.82693,49.001106,160.51988,17.077723,-60.799873,15.160227,31.40316,12.007346,11.361871,13.781012,19.447447,8.365769,-4.7315755,6.434534,0.24912328,6.815388,-4.2541184,5.91438,2.3550992,7.1134205,-0.2737297,5.7817564,-2.8654842,6.0073533,-2.3044212,5.410797,0.44004148,0.5455936,0.5631959,0.56944686,0.6061603,0.48223802,0.4524988,0.4970336,0.5388269,0.538642,0.45405838,0.45149937
pop_mixtape_trio_GtDrVx_theme1_stereo_Gt,[151.99908088],E major,2407.195481935389,2686.453486377931,17.46819429788694,4357.25114649797,-223.82693,49.001106,160.51988,17.077723,-60.799873,15.160227,31.40316,12.007346,11.361871,13.781012,19.447447,8.365769,-4.7315755,6.434534,0.24912328,6.815388,-4.2541184,5.91438,2.3550992,7.1134205,-0.2737297,5.7817564,-2.8654842,6.0073533,-2.3044212,5.410797,0.44004148,0.5455936,0.5631959,0.56944686,0.6061603,0.48223802,0.4524988,0.4970336,0.5388269,0.538642,0.45405838,0.45149937
pop_mixtape_trio_GtDrVx_theme1_stereo_Vx,[151.99908088],E major,2407.195481935389,2686.453486377931,17.46819429788694,4357.25114649797,-223.82693,49.001106,160.51988,17.077723,-60.799873,15.160227,31.40316,12.007346,11.361871,13.781012,19.447447,8.365769,-4.7315755,6.434534,0.24912328,6.815388,-4.2541184,5.91438,2.3550992,7.1134205,-0.2737297,5.7817564,-2.8654842,6.0073533,-2.3044212,5.410797,0.44004148,0.5455936,0.5631959,0.56944686,0.6061603,0.48223802,0.4524988,0.4970336,0.5388269,0.538642,0.45405838,0.45149937
pop_mixtape_trio_GtDrVx_theme2_mono_Dr,[147.65625],C# minor,2528.5312134421183,2744.4236878162847,19.295967316050707,4528.9282557120405,-167.66013,45.850685,157.74414,28.800993,-57.262226,18.570995,35.639755,13.432735,7.9805536,12.862866,28.108551,12.256968,-12.100161,7.877471,-8.24956,8.615212,-6.9722843,6.244028,-1.1436012,7.7554483,-5.867824,6.633607,-6.4740796,8.055787,-6.4766974,7.602387,0.3957672,0.49393636,0.37814376,0.384883,0.41589168,0.37596682,0.42464054,0.4348816,0.55540746,0.4705118,0.37021607,0.45442885
pop_mixtape_trio_GtDrVx_theme2_mono_Gt,[147.65625],C# minor,2528.5312134421183,2744.4236878162847,19.295967316050707,4528.9282557120405,-167.66013,45.850685,157.74414,28.800993,-57.262226,18.570995,35.639755,13.432735,7.9805536,12.862866,28.108551,12.256968,-12.100161,7.877471,-8.24956,8.615212,-6.9722843,6.244028,-1.1436012,7.7554483,-5.867824,6.633607,-6.4740796,8.055787,-6.4766974,7.602387,0.3957672,0.49393636,0.37814376,0.384883,0.41589168,0.37596682,0.42464054,0.4348816,0.55540746,0.4705118,0.37021607,0.45442885
pop_mixtape_trio_GtDrVx_theme2_mono_Vx,[147.65625],C# minor,2528.5312134421183,2744.4236878162847,19.295967316050707,4528.9282557120405,-167.66013,45.850685,157.74414,28.800993,-57.262226,18.570995,35.639755,13.432735,7.9805536,12.862866,28.108551,12.256968,-12.100161,7.877471,-8.24956,8.615212,-6.9722843,6.244028,-1.1436012,7.7554483,-5.867824,6.633607,-6.4740796,8.055787,-6.4766974,7.602387,0.3957672,0.49393636,0.37814376,0.384883,0.41589168,0.37596682,0.42464054,0.4348816,0.55540746,0.4705118,0.37021607,0.45442885
pop_mixtape_trio_GtDrVx_theme2_stereo_Dr,[147.65625],C# minor,2148.353069580586,2367.9028170586575,18.516755006779544,3847.6543610976787,-179.76685,43.914104,180.32967,24.859283,-64.95488,19.416868,29.414982,12.995933,12.820006,12.032447,21.89457,12.368291,-9.113788,7.524164,-4.420583,6.6946483,-6.4989734,6.2548814,-3.9545922,7.6922717,-5.0440984,6.164478,-6.7875204,7.4349294,-4.671732,6.563961,0.39921907,0.5913507,0.44024828,0.42446056,0.43736565,0.38693824,0.42873234,0.41667888,0.57181484,0.4582862,0.35946497,0.4105112
pop_mixtape_trio_GtDrVx_theme2_stereo_Gt,[147.65625],C# minor,2148.353069580586,2367.9028170586575,18.516755006779544,3847.6543610976787,-179.76685,43.914104,180.32967,24.859283,-64.95488,19.416868,29.414982,12.995933,12.820006,12.032447,21.89457,12.368291,-9.113788,7.524164,-4.420583,6.6946483,-6.4989734,6.2548814,-3.9545922,7.6922717,-5.0440984,6.164478,-6.7875204,7.4349294,-4.671732,6.563961,0.39921907,0.5913507,0.44024828,0.42446056,0.43736565,0.38693824,0.42873234,0.41667888,0.57181484,0.4582862,0.35946497,0.4105112
pop_mixtape_trio_GtDrVx_theme2_stereo_Vx,[147.65625],C# minor,2148.353069580586,2367.9028170586575,18.516755006779544,3847.6543610976787,-179.76685,43.914104,180.32967,24.859283,-64.95488,19.416868,29.414982,12.995933,12.820006,12.032447,21.89457,12.368291,-9.113788,7.524164,-4.420583,6.6946483,-6.4989734,6.2548814,-3.9545922,7.6922717,-5.0440984,6.164478,-6.7875204,7.4349294,-4.671732,6.563961,0.39921907,0.5913507,0.44024828,0.42446056,0.43736565,0.38693824,0.42873234,0.41667888,0.57181484,0.4582862,0.35946497,0.4105112
